0.0,0.8346628806515668,0.8102049775603059
0.01,0.8303591072815302,0.8079450347401221
0.02,0.8269134539681757,0.8058633815318389
0.03,0.8241622183764143,0.8039386414150748
0.04,0.8219416981711576,0.8021494378694488
0.05,0.8200881910173163,0.8004743943745803
0.06,0.8184379945798018,0.7988921344100881
0.07,0.8168274065235254,0.7973812814555913
0.08,0.8150927245133979,0.7959204589907086
0.09,0.8130702462143309,0.7944882904950595
0.1,0.8106516407905883,0.7930788493286051
0.11,0.807999467214359,0.7917617931350487
0.12,0.8053589947584185,0.7906298575722723
0.13,0.8029755131461017,0.7897757840043188
0.14,0.8010899567962348,0.7892894077725144
0.15,0.7997735302643982,0.7891473140797846
0.16,0.7988767112333991,0.7891788108708744
0.17,0.798235201491816,0.7892033470590398
0.18,0.7976847028282275,0.7890403715575368
0.19,0.7970833593092183,0.7885429402843644
0.2,0.7964240159538237,0.787765821993744
0.21,0.7957495428377636,0.7868386972789184
0.22,0.7951028929411077,0.7858913708812607
0.23,0.7945266816525384,0.7850526168119021
0.24,0.7940431672690237,0.7843890550374076
0.25,0.7936429960313802,0.783870787948335
0.26,0.7933140880074422,0.7834595944144087
0.27,0.7930443632650442,0.7831172533053538
0.28,0.792822837555428,0.782809559009267
0.29,0.7926466461093663,0.7825320626113204
0.3,0.7925165718388282,0.7822936834112321
0.31,0.7924334150449095,0.7821034044373119
0.32,0.7923979870169628,0.7819701436585583
0.33,0.7924122429548133,0.781896046174504
0.34,0.7924802662457008,0.7818706565045558
0.35,0.7926063722348395,0.7818821457904676
0.36,0.7927948762674437,0.7819186851739925
0.37,0.793048331373061,0.7819688232530644
0.38,0.7933530071242022,0.7820245962479594
0.39,0.793686370773353,0.782079925676892
0.4,0.794025803379257,0.7821287515192192
0.41,0.7943488223867637,0.7821650384709962
0.42,0.794662324543864,0.7821880755194841
0.43,0.7950389857691392,0.7822090725425751
0.44,0.7955604180994197,0.7822408588744025
0.45,0.7963082335715355,0.7822962638490992
0.46,0.7973536419558681,0.782387109802434
0.47,0.7986463153661472,0.7825134535359987
0.48,0.8000572232719999,0.78266773298926
0.49,0.8014560102847573,0.7828422578478912
0.5,0.8027124041926279,0.7830293421942246
0.51,0.8037484638269663,0.7832240662854083
0.52,0.8046280078834016,0.7834290036854833
0.53,0.8054386259653773,0.7836479844686346
0.54,0.806267907676337,0.7838848387090472
0.55,0.8071981558611918,0.7841424831956382
0.56,0.8082320434802523,0.7844100786889431
0.57,0.8093106749808492,0.7846661500153082
0.58,0.8103735554225276,0.7848889457075264
0.59,0.8113601994335421,0.7850567163373694
0.6,0.8122524248391054,0.7851567267846675
0.61,0.8131714570135166,0.7852059480196567
0.62,0.8142671970016685,0.7852274614568687
0.63,0.8156895458484542,0.7852443485108349
0.64,0.8175787268504515,0.7852787938114024
0.65,0.819882045692815,0.7853351053549636
0.66,0.8223690623567591,0.7854011204032066
0.67,0.8248026998399612,0.7854640612043898
0.68,0.8269458811400991,0.7855111500067713
0.69,0.8286268292016914,0.7855321717213413
0.7,0.8299366037385723,0.785527226152531
0.71,0.8310323854639325,0.7854990079892857
0.72,0.8320713550915557,0.7854502119205747
0.73,0.8332067838847358,0.7853833537762737
0.74,0.8344850257878905,0.7852960578715128
0.75,0.8358351222746251,0.7851805814238675
0.76,0.8371801207252098,0.7850289074184853
0.77,0.8384430685199151,0.7848330188405136
0.78,0.8395766245724653,0.7845910715841404
0.79,0.8406792292437814,0.7843316115810983
0.8,0.8418941094234643,0.7840925210971602
0.81,0.8433645040710235,0.7839116849142288
0.82,0.8452298280288602,0.7838259573883193
0.83,0.8474786148195569,0.783831537212063
0.84,0.8499021044549087,0.7838714614370614
0.85,0.8522782205815193,0.7838851789592628
0.86,0.8543848868459927,0.7838121386746147
0.87,0.8560371894894888,0.7836034771903354
0.88,0.8572747107522227,0.7832809355601176
0.89,0.8582209081569792,0.7828926337839323
0.9,0.8589993840577728,0.7824867374114658
0.91,0.8597332805704584,0.7821110570594892
0.92,0.8605175652961683,0.7817916753276152
0.93,0.8614032101260723,0.7815207455872013
0.94,0.8624373641074294,0.7812874730552573
0.95,0.8636671762874986,0.7810810629487926
0.96,0.8651235881943756,0.7808932010588199
0.97,0.866716629916868,0.7807340787705698
0.98,0.868301694222169,0.7806222497558275
0.99,0.869733906484823,0.7805763086110408
1.0,0.8708691379659245,0.7806146709237697
1.01,0.8716424282295013,0.7807367523011735
1.02,0.8721369456182149,0.7809064182149837
1.03,0.8724521175341533,0.7810836320473453
1.04,0.8726873713794057,0.7812283571804034
1.05,0.8729346883959762,0.7813058669190331
1.06,0.8732167609535011,0.7813308450769055
1.07,0.8735186127305142,0.7813448373450664
1.08,0.8738248914567533,0.78138965750698
1.09,0.87412020679952,0.7815070595090128
1.1,0.8743807460184724,0.7817255566203449
1.11,0.8745637283963431,0.7820438429812337
1.12,0.8746237791495383,0.782456534658744
1.13,0.8745155234944645,0.7829582477199399
1.14,0.8741985153836199,0.7835436371664115
1.15,0.8736903330887564,0.7842078163625467
1.16,0.8730463384188195,0.7849461971435836
1.17,0.8723225387520409,0.7857541964444313
1.18,0.871574914614097,0.7866272310652201
1.19,0.8708418183716331,0.7875606293264379
1.2,0.8701135611717641,0.7885494784190288
1.21,0.8693723464160361,0.7895888248393629
1.22,0.8686003775059955,0.7906737150838102
1.23,0.8677805004574963,0.7917988822105178
1.24,0.8669053209112286,0.7929542989736188
1.25,0.8659750319326133,0.7941262373242953
1.26,0.8649900261110057,0.7953008718949696
1.27,0.863950697522519,0.7964643788006747
1.28,0.8628646473734144,0.7976101211813679
1.29,0.8617633746355344,0.7987552932766736
1.3,0.8606833249969347,0.7999220222429233
1.31,0.8596609441456706,0.8011324352364485
1.32,0.8587286641744718,0.8024053252273032
1.33,0.8578381672848793,0.8036924043871031
1.34,0.8568663307085778,0.8048832426723933
1.35,0.8556872092463077,0.8058650653811871
1.36,0.8541748576988083,0.8065250978114975
1.37,0.8522591650392631,0.8067986362656059
1.38,0.8500961650995262,0.8068156787847235
1.39,0.8478991387730817,0.8067555108557877
1.4,0.8458813669574992,0.8067974179692531
1.41,0.8442504989206341,0.8071156374155036
1.42,0.8430585337595206,0.8077448814729431
1.43,0.8421857557237025,0.808565937011305
1.44,0.8415035947771795,0.8094516539074491
1.45,0.8408834808839515,0.810274882038235
1.46,0.8402192100192688,0.8109300150497591
1.47,0.8395153849092672,0.811418179748726
1.48,0.8388108604208757,0.8117734958706573
1.49,0.8381445014550637,0.8120300928162341
1.5,0.8375547038715309,0.8122216854721225
1.51,0.8370611261023102,0.8123654295715407
1.52,0.8366587906732488,0.8124567089290577
1.53,0.8363410436045082,0.8124894257516602
1.54,0.8361012309162501,0.8124574822463341
1.55,0.8359333712774549,0.8123559312850507
1.56,0.8358355730669508,0.8121868217914852
1.57,0.8358074818409988,0.8119548322579637
1.58,0.8358487459195695,0.8116646459045442
1.59,0.8359589973561979,0.8113209288686022
1.6,0.8361368571809473,0.8109272855310741
1.61,0.836379358851943,0.8104856530368988
1.62,0.8366833968393074,0.8099978225686191
1.63,0.8370458656131617,0.8094655853087778
1.64,0.8374637209546456,0.8088907978029128
1.65,0.8379343791148319,0.8082758074984514
1.66,0.8384554656376325,0.807623184967593
1.67,0.8390246071181544,0.8069355019032048
1.68,0.8396394295570615,0.8062153292740012
1.69,0.8402974946154455,0.8054651596698237
1.7,0.8409962428838602,0.8046873381916269
1.71,0.8417331015701146,0.8038841936374194
1.72,0.8425054978820175,0.8030580548052109
1.73,0.8433108620711517,0.8022112615402979
1.74,0.8441466529135836,0.8013462572167156
1.75,0.845010344780884,0.8004655418119079
1.76,0.8458994122032393,0.7995716158790097
1.77,0.8468113297091646,0.7986669792389298
1.78,0.8477435714471073,0.7977539652210716
1.79,0.8486936107045484,0.7968345300023608
1.8,0.8496589206504355,0.7959105778351959
1.81,0.8506369744537159,0.7949840129719754
1.82,0.8516252430219673,0.7940567176174793
1.83,0.8526211704373885,0.7931303124378214
1.84,0.8536221832170569,0.7922062468449294
1.85,0.854625707573466,0.7912859672811324
1.86,0.8556291697931655,0.7903709201531005
1.87,0.85663004692949,0.7894625274227967
1.88,0.8576259552239132,0.7885621440317243
1.89,0.858614534559645,0.787671113537658
1.9,0.8595934248198958,0.7867907794983723
1.91,0.8605602806879459,0.7859224700878742
1.92,0.8615129834960147,0.785067277892474
1.93,0.8624495917474048,0.7842261113399862
1.94,0.8633681686613764,0.7833998739562761
1.95,0.8642667774534131,0.7825894692701854
1.96,0.8651434611953588,0.7817958166852446
1.97,0.8659961957517567,0.7810198885693448
1.98,0.8668229429878171,0.7802626683228948
1.99,0.8676216647687507,0.7795251393463033
2.0,0.8683903263239712,0.7788082847603712
2.01,0.8691269611979605,0.7781130820080676
2.02,0.8698296665658034,0.7774405032438663
2.03,0.870496542028412,0.7767915204206244
2.04,0.8711256871866986,0.7761671054911989
2.05,0.8717151307352613,0.7755682262293867
2.06,0.872262612377264,0.7749958333764715
2.07,0.8727657982011835,0.7744508733350508
2.08,0.8732223542954786,0.7739342925077213
2.09,0.8736300000996547,0.7734470392388798
2.1,0.8739879453155067,0.7729901161135044
2.11,0.8742970526849836,0.7725645858817268
2.12,0.8745582709663646,0.7721715144243858
2.13,0.8747725489179288,0.7718119676223205
2.14,0.8749408820437987,0.771486951741499
2.15,0.8750644989030762,0.7711971758333845
2.16,0.8751447005409009,0.7709432565081568
2.17,0.8751827880254347,0.7707258103466341
2.18,0.8751800771098762,0.7705454709483159
2.19,0.8751384775645741,0.7704035603269677
2.2,0.8750606844672735,0.7703023105993947
2.21,0.8749494467759105,0.7702440163248636
2.22,0.8748075134484217,0.7702309720626407
2.23,0.8746369865798038,0.7702646193280114
2.24,0.874436009856225,0.7703411795245247
2.25,0.8742012301909843,0.7704549002015978
2.26,0.8739292916972712,0.7706000252160315
2.27,0.8736169716142563,0.7707709106382599
2.28,0.8732694489929298,0.7709689945359113
2.29,0.8729051696434549,0.7712068977016362
2.3,0.8725437495988946,0.7714982273242899
2.31,0.8722048048923118,0.7718565905927278
2.32,0.8719008238646692,0.7722894708309417
2.33,0.87159040242051,0.7727580488581096
2.34,0.8712074982208344,0.7732023371724706
2.35,0.8706859419627955,0.773562239189348
2.36,0.8699600621966623,0.7737780743374106
2.37,0.8690191461024729,0.773836086280245
2.38,0.8679564897089097,0.7738094299967071
2.39,0.8668769667411974,0.7737809349582317
2.4,0.8658854509245605,0.773833430636253
2.41,0.8650762769911756,0.7740413382537107
2.42,0.864444311414971,0.7743997209934689
2.43,0.8639297280217244,0.7748600069990305
2.44,0.8634721338705544,0.7753731722345604
2.45,0.8630112293092107,0.7758902637811111
2.46,0.8625085181469085,0.7763789501914076
2.47,0.8619751854685385,0.7768447736336819
2.48,0.861429301928785,0.7772985253648689
2.49,0.8608889381823319,0.7777509966419035
2.5,0.8603711027210191,0.7782122169508463
2.51,0.8598801078505325,0.7786831102202811
2.52,0.8594119061908458,0.7791586049091442
2.53,0.8589623032594943,0.7796335239762081
2.54,0.8585271064681496,0.7801026917751189
2.55,0.8581034801621905,0.7805619319277776
2.56,0.8576923315079128,0.7810098243308443
2.57,0.8572952075018037,0.7814454200624351
2.58,0.8569136551403509,0.781867770200666
2.59,0.8565491415260913,0.7822758931830462
2.6,0.8562019000258562,0.7826683034054003
2.61,0.855871194304312,0.783043119092548
2.62,0.8555562619007063,0.7833984477957913
2.63,0.8552563404714759,0.7837323970513437
2.64,0.8549713575965634,0.7840429855680622
2.65,0.8547035569957372,0.7843279338527916
2.66,0.854455667884771,0.7845848999049734
2.67,0.8542304194794383,0.7848115417240491
2.68,0.854030259537657,0.7850056470010611
2.69,0.8538518669724843,0.7851676616251058
2.7,0.8536865181422456,0.7853005209022813
2.71,0.8535252813042769,0.7854072560285318
2.72,0.8533592247159137,0.7854908981998012
2.73,0.8531833790503929,0.7855546524857961
2.74,0.8530090257405396,0.7856024370516603
2.75,0.8528516117076435,0.7856383528472752
2.76,0.8527265838753427,0.7856665008226253
2.77,0.8526489728856556,0.7856908331970283
2.78,0.852622056817834,0.7857111031898553
2.79,0.8526360063662014,0.7857223809645605
2.8,0.8526803039674992,0.7857194907813331
2.81,0.8527444320584688,0.785697256900363
2.82,0.8528200244309335,0.7856527597763462
2.83,0.8529095084842163,0.7855943994634994
2.84,0.8530186894270612,0.7855341184322235
2.85,0.8531533736286353,0.7854838603698925
2.86,0.8533191966719039,0.7854554093146213
2.87,0.853514798416861,0.7854540097716128
2.88,0.8537295192932781,0.7854762132303167
2.89,0.8539520564684699,0.7855179698647746
2.9,0.8541711071097513,0.7855752298490285
2.91,0.8543805468572395,0.7856467390288475
2.92,0.8546061459474961,0.7857484619986383
2.93,0.8548858072136916,0.7859029133065508
2.94,0.855257457090688,0.7861326202424409
2.95,0.8557583877722398,0.7864595857231607
2.96,0.8563852421888593,0.7868722049791159
2.97,0.8570701178048448,0.7873055088346429
2.98,0.8577393759202212,0.787689785612125
2.99,0.8583193778350136,0.7879553236339453
3.0,0.8587476742428312,0.7880457664298148
3.01,0.8590469896006269,0.7880064174862339
3.02,0.8592792148296513,0.7879293277963503
3.03,0.8595064478658868,0.7879067954377179
3.04,0.8597904624926368,0.788030631778523
3.05,0.8601565295669614,0.7883378397053673
3.06,0.860560443416593,0.7887611043563836
3.07,0.8609502103061308,0.7892214172341873
3.08,0.8612738365001744,0.7896397698413945
3.09,0.8614830331981433,0.7899450144241665
3.1,0.86156472858229,0.7901407229427686
3.11,0.8615253249404684,0.7902717854797416
3.12,0.8613714301461668,0.7903835283077438
3.13,0.8611096360665457,0.7905212008471504
3.14,0.860742687911201,0.7907115832967485
3.15,0.8602645144038072,0.7909391246549619
3.16,0.8596678141967145,0.7911823678941409
3.17,0.8589452859422718,0.7914198559866354
3.18,0.858093474109609,0.791630963953943
3.19,0.8571552451362416,0.7918050886559594
3.2,0.8562041354559408,0.7919382624595969
3.21,0.8553142291162573,0.79202663620896
3.22,0.8545595601035918,0.7920663630734806
3.23,0.853976653707068,0.7920553384916359
3.24,0.8534979491550323,0.7919962926718335
3.25,0.8530379777896909,0.7918927876390449
3.26,0.85251127095325,0.7917483854182413
3.27,0.8518383821070179,0.7915652891484134
3.28,0.8510336397339239,0.7913245417158041
3.29,0.8501854828101025,0.790990463037787
3.3,0.8493843711153447,0.7905269170391322
3.31,0.8487207600274059,0.7898977725016979
3.32,0.8482563865964886,0.7890985852326209
3.33,0.8479559793305088,0.7882319476387827
3.34,0.8477638041887826,0.7874230299493147
3.35,0.8476241271306257,0.7867970023933476
3.36,0.8474837419805183,0.7864714528601019
3.37,0.8473417406743728,0.7864071008807979
3.38,0.8472464595533067,0.7864169572305747
3.39,0.8472481513892477,0.7863082843440243
3.4,0.8473970689541236,0.7858883446557399
3.41,0.8477273748275069,0.7850140026815816
3.42,0.8482068284582104,0.7837468273570819
3.43,0.8487860618232892,0.7822011873747488
3.44,0.8494157068810528,0.7804914514848775
3.45,0.8500475757516907,0.778729867907562
3.46,0.8506671576063252,0.7769681735001668
3.47,0.8512977058489124,0.775190249855776
3.48,0.8519644748453191,0.7733763832131125
3.49,0.8526927189614115,0.7715068598108986
3.5,0.8535024794215816,0.7695684144501561
3.51,0.8543874769197822,0.7675803399549549
3.52,0.8553331444548011,0.7655721808793146
3.53,0.8563249119528887,0.7635734855779279
3.54,0.8573484094152688,0.7616132040166118
3.55,0.8583975664902823,0.7596954633838313
3.56,0.8594774062938378,0.7577912122676097
3.57,0.8605937255680401,0.7558690854767769
3.58,0.8617523210549948,0.7538977178201619
3.59,0.8629546167148933,0.7518660456534966
3.6,0.8641749294064858,0.749888855672711
3.61,0.8653772026451494,0.7481290949716762
3.62,0.8665253589758847,0.7467498080035821
3.63,0.8675841574881641,0.7459116062009115
3.64,0.8685728104269043,0.7456167284775936
3.65,0.8695974778668684,0.7456145331443473
3.66,0.8707721048896766,0.7456317364605205
3.67,0.8722106365769489,0.7453950546854615
3.68,0.8740012870916966,0.7446697582255832
3.69,0.8760350831352456,0.7435165750460695
3.7,0.8781118477606682,0.7421328888965737
3.71,0.8800309097178324,0.7407168241702806
3.72,0.8815925203654299,0.7394658983729512
3.73,0.8827029339639183,0.738507900836977
3.74,0.8834713160493741,0.7378371468825377
3.75,0.884029737217808,0.7374328849970793
3.76,0.8845102680652304,0.7372743636680485
3.77,0.8850344305887844,0.7373370454803829
3.78,0.8856227613738007,0.7375601492553978
3.79,0.886239637519068,0.7378627381194526
3.8,0.8868488322433697,0.7381636584657795
3.81,0.8874141826934105,0.7383819379831217
3.82,0.8879153285339054,0.7384814192945877
3.83,0.8883683416199551,0.7385292643942792
3.84,0.8887944106699414,0.7386071463745907
3.85,0.8892147244022467,0.738796738327916
3.86,0.889648119217005,0.7391737972828324
3.87,0.890084880660348,0.7397422750712973
3.88,0.8904962854848695,0.7404583165434775
3.89,0.8908532660901101,0.7412772005040349
3.9,0.8911267691972858,0.7421542250269514
3.91,0.891298973923515,0.743059800985919
3.92,0.891383417901136,0.7440065310509236
3.93,0.8913990686506655,0.7450143236184588
3.94,0.8913648936926201,0.7461030870850175
3.95,0.8912993366000672,0.747288179992183
3.96,0.8912126134718111,0.7485135151396805
3.97,0.8911084025619668,0.7496662319908565
3.98,0.8909902017105316,0.7506319033289159
3.99,0.8908615084687839,0.7512961092474026
4.0,0.8907237246420976,0.7515974940533686
4.01,0.8905711287870834,0.7516550624651602
4.02,0.8903964874470434,0.7516261033255602
4.03,0.8901925671652803,0.7516679054773516
4.04,0.889952801526626,0.751931530670672
4.05,0.889684554310012,0.7524379968647537
4.06,0.8894083775827852,0.7530852042066118
4.07,0.8891453419333463,0.7537662122471509
4.08,0.8889165179500953,0.754374080537274
4.09,0.8887379162905269,0.7548214218011166
4.1,0.8886045347203714,0.7551020492219563
4.11,0.888505917163391,0.7552308513532239
4.12,0.8884316075330969,0.755222716787961
4.13,0.8883717646269743,0.7550930994965014
4.14,0.8883342831967982,0.7548737614133079
4.15,0.8883470549869241,0.7546148514303418
4.16,0.8884390408752197,0.7543675014930097
4.17,0.888639201739553,0.7541828435467179
4.18,0.8889674271601022,0.7540953388050902
4.19,0.8893975167226486,0.7540547468259639
4.2,0.8898886679429493,0.7539839922863044
4.21,0.8904000725073823,0.753805989150166
4.22,0.8908916472899218,0.7534448542325669
4.23,0.8913537765950551,0.7528752399318509
4.24,0.8918177923233824,0.752139717424558
4.25,0.8923179051914971,0.7512856329090497
4.26,0.8928883259159931,0.7503603325836875
4.27,0.8935554135757562,0.7494052460828391
4.28,0.894296538288963,0.7484248876441325
4.29,0.8950702106571125,0.7474095600067208
4.3,0.8958349016856453,0.7463495360723358
4.31,0.8965499487905936,0.7452351707401182
4.32,0.8972319744967284,0.7440622403923935
4.33,0.8979895830537377,0.7428352265948392
4.34,0.8989396760460938,0.7415593961758649
4.35,0.9001991550582694,0.7402400159638807
4.36,0.901859367279101,0.7388821222692004
4.37,0.9038144999428405,0.7374889728847374
4.38,0.9058670182249571,0.7360629982078111
4.39,0.9078188777006667,0.7346066240387988
4.4,0.9094728907875366,0.7331222785996294
4.41,0.9107323322288741,0.731612674032267
4.42,0.9116938835113415,0.7300810690721249
4.43,0.9124762110600216,0.7285307845870074
4.44,0.9131979812999967,0.7269651414447185
4.45,0.9139682053154553,0.7253881212694471
4.46,0.914802798422961,0.7238100766279971
4.47,0.9156656102370866,0.7222449231664422
4.48,0.916519920201579,0.7207066155500906
4.49,0.9173290516383595,0.719209063650806
4.5,0.9180674882861304,0.7177547841246229
4.51,0.9187355953395268,0.716319872301276
4.52,0.9193373972017147,0.7148766879732549
4.53,0.9198769182758604,0.7133975909330489
4.54,0.9203578762305075,0.711862118882836
4.55,0.9207802371138271,0.710337601349517
4.56,0.9211414553086604,0.7089501434450649
4.57,0.921438939038627,0.7078269304553415
4.58,0.9216700952019461,0.7070950509284871
4.59,0.921831241644094,0.7068021060596906
4.6,0.921915637370167,0.7067724396066819
4.61,0.9219160083284876,0.7067914887891878
4.62,0.921825080467378,0.706644690826936
4.63,0.9216368889366977,0.706129668127134
4.64,0.9213662007221998,0.7052370014001433
4.65,0.9210443473969329,0.7041114436483352
4.66,0.9207031231070543,0.7029020532005587
4.67,0.9203743189437417,0.7017578838924549
4.68,0.9200649442673206,0.7007915410470648
4.69,0.9196972542078274,0.6999909750289408
4.7,0.9191754002687857,0.6993175097227086
4.71,0.9184035339537193,0.6987324690129942
4.72,0.9172916966794799,0.6981985716327093
4.73,0.915874095415467,0.6977079411800755
4.74,0.9143031303590081,0.697280691753711
4.75,0.9127358962458686,0.6969380492120393
4.76,0.9113294878118144,0.6967012394134834
4.77,0.9102024807723385,0.6965832429422356
4.78,0.9093124861473886,0.6965625847279345
4.79,0.9085750753261504,0.6966087908139086
4.8,0.9079058195731062,0.6966913872167929
4.81,0.9072220796329836,0.696780424541075
4.82,0.9064933932664295,0.6968612491335693
4.83,0.9057484480319827,0.6969365471611488
4.84,0.9050191224063091,0.6970099402114002
4.85,0.9043372948660744,0.6970850498719099
4.86,0.9037288255637925,0.6971720987846537
4.87,0.9031888025991146,0.6973150611791713
4.88,0.9027025049327494,0.697568670203604
4.89,0.9022552073172219,0.6979876636217384
4.9,0.9018326217969049,0.6986249090523675
4.91,0.901439068746191,0.6994536927651372
4.92,0.9011040155189365,0.7003397561532453
4.93,0.9008587117768933,0.7011412182995204
4.94,0.900734407181813,0.7017161982867907
4.95,0.9007605061772802,0.701957415948471
4.96,0.9009548253983534,0.7019748808021146
4.97,0.9013306937375384,0.7019627546154121
4.98,0.9019014303076138,0.702115382541373
4.99,0.9026800552611496,0.7026248782164372
5.0,0.9036595087239259,0.7035334727468294
5.01,0.9048003080824216,0.7046413854997481
5.02,0.9060600241579537,0.7057268419154638
5.03,0.9073962277718393,0.7065680674342469
5.04,0.9087661429859817,0.706979739511644
5.05,0.9101243003753985,0.7070596801161125
5.06,0.911423970168728,0.7070382012472474
5.07,0.9126184154182673,0.7071463692954928
5.08,0.9136610579472659,0.7076140259764997
5.09,0.9145243197275191,0.7085244559527707
5.1,0.9152174108271748,0.7096771800530977
5.11,0.9157537523012834,0.710839237790152
5.12,0.9161467652048951,0.7117776686766056
5.13,0.9164054114310848,0.7122832808439606
5.14,0.9164953496449374,0.7123777011125005
5.15,0.916357882982278,0.7122123782947569
5.16,0.9159340429905986,0.711940208847371
5.17,0.9151650413100902,0.7117139009250609
5.18,0.9140392393909991,0.7116368636273878
5.19,0.9126549853019437,0.7116975058797983
5.2,0.911126280719459,0.7118678694563302
5.21,0.9095671273200795,0.7121199961310221
5.22,0.9080841826924643,0.7124246180242628
5.23,0.9066935863016312,0.7127363253756638
5.24,0.9053505401198993,0.7129988415873171
5.25,0.904009110094916,0.7131556874767494
5.26,0.9026233808008685,0.713150418957006
5.27,0.9011634858039546,0.7129568309281855
5.28,0.8996449092435675,0.7126341663605729
5.29,0.8980910891265308,0.712256654641922
5.3,0.8965254634596668,0.711898525159986
5.31,0.8949708913895724,0.7116300593985389
5.32,0.8934409878696559,0.7114584922102918
5.33,0.891941941323442,0.7113404085231786
5.34,0.8904797303180692,0.7112309620165785
5.35,0.8890603335238411,0.7110853078293297
5.36,0.8876906692696235,0.7108718943053969
5.37,0.8863808895242054,0.710604915595266
5.38,0.8851418413151471,0.7103083987389452
5.39,0.8839843716700089,0.7100063707764431
5.4,0.8829193206512265,0.7097226254766005
5.41,0.8819573800950338,0.7094759923186876
5.42,0.8811090999722649,0.7092805495239821
5.43,0.8803850245615567,0.7091501846746054
5.44,0.8797956981415452,0.7090987853526786
5.45,0.8793452979289357,0.7091327852325864
5.46,0.879011227407676,0.7092272740288348
5.47,0.8787638536999813,0.7093491040001424
5.48,0.8785735438971016,0.709465127368977
5.49,0.878411172629669,0.709543498726148
5.5,0.8782625746555469,0.7095907610059067
5.51,0.878130636665937,0.7096572131522754
5.52,0.8780191735002567,0.7097955357783551
5.53,0.8779319999979229,0.7100584094972477
5.54,0.8778728326426914,0.7104891374855
5.55,0.8778448818309422,0.7110827714799124
5.56,0.8778511956418541,0.7118188875523578
5.57,0.8778948220799196,0.7126770546539607
5.58,0.8779786613191306,0.7136377620222967
5.59,0.8780992414277561,0.7147211670455632
5.6,0.8782444318632783,0.7160013293998081
5.61,0.8784014834312267,0.71755616004351
5.62,0.8785576469371311,0.7194635699351477
5.63,0.8787018037700897,0.7217617260157052
5.64,0.8788331419142489,0.7242375811811973
5.65,0.8789548647994815,0.726580215426015
5.66,0.8790701849330468,0.7284784874913468
5.67,0.8791823837258516,0.7296251312625924
5.68,0.8792994445135057,0.729977317083156
5.69,0.8794369852653696,0.7299215874438357
5.7,0.8796113229495186,0.7298837965547896
5.71,0.8798387745340275,0.7302897986261766
5.72,0.8801307129363012,0.7315185457770402
5.73,0.8804598470095725,0.7335822007099322
5.74,0.8807806885846641,0.7363202987698125
5.75,0.8810476433335921,0.7395713682185087
5.76,0.881215406252719,0.7431736087300079
5.77,0.8812740181133724,0.7469250775153838
5.78,0.8812823487333091,0.750545662119141
5.79,0.8813072014492352,0.7537462399285426
5.8,0.8814153795978571,0.7562376883308536
5.81,0.881667303846938,0.757767669706579
5.82,0.8820609667323867,0.7584436361149641
5.83,0.8825590496802314,0.7585765467922554
5.84,0.8831238332306248,0.7584796713850304
5.85,0.8837178305531538,0.7584658716568728
5.86,0.884366268167707,0.7587380503323448
5.87,0.8852415271911768,0.7592410952476905
5.88,0.8865370711792845,0.7598829291479458
5.89,0.8884463636877512,0.7605714747781476
5.9,0.8911489115522978,0.7612182559473327
5.91,0.8946508686534363,0.7617795243867432
5.92,0.8988410383091261,0.7622418102086634
5.93,0.9036060048515913,0.7625922160603036
5.94,0.9088323946867221,0.7628178667131562
5.95,0.9144448832243468,0.7629258948678136
5.96,0.9204763160980596,0.7629803141401023
5.97,0.9269786321937162,0.7630551782624874
5.98,0.9340037703971732,0.7632245409674339
5.99,0.9415853545131313,0.7635562599570396
6.0,0.949462036949532,0.7640184034912151
6.01,0.957134199669035,0.7644984324384924
6.02,0.9640954119870783,0.76488150293456
6.03,0.9698392566433298,0.7650527760801993
6.04,0.9739973139499357,0.7649484528352486
6.05,0.9766790085006404,0.7646814699118186
6.06,0.978097122141806,0.7644029917930691
6.07,0.9784644367197944,0.7642641829621605
6.08,0.9779920765983119,0.7644043269675619
6.09,0.9768555567201593,0.7647074569014916
6.1,0.9751961250100593,0.7648119778235617
6.11,0.9731536405149266,0.7643463392343008
6.12,0.9708679622816777,0.7629389906342376
6.13,0.9684706459855462,0.7603731678068787
6.14,0.9660581123707079,0.7570870700360831
6.15,0.963717490620375,0.7536921040977576
6.16,0.9615359098598965,0.7507996778464721
6.17,0.9595980496365708,0.7490034606892095
6.18,0.9579155945923016,0.74836853454694
6.19,0.9564165736517563,0.7483541943336446
6.2,0.9550244215707364,0.7483864666117922
6.21,0.9536625731050431,0.7478913779438515
6.22,0.952253660751257,0.7464179513453887
6.23,0.950716162802743,0.7441521015591613
6.24,0.9489672169832845,0.7414852695461162
6.25,0.9469239603563111,0.7388089975077672
6.26,0.9445077073682855,0.736510321122217
6.27,0.9418221783668033,0.7347794982146809
6.28,0.9392203188901169,0.7335379247062488
6.29,0.9370730251739062,0.7326876314663553
6.3,0.9357511934538502,0.7321306493644361
6.31,0.9355132975907414,0.731778683665502
6.32,0.9359025802289754,0.7316049881450157
6.33,0.936181963704333,0.7316069392635925
6.34,0.9356137133489018,0.7317819700196467
6.35,0.9334677427263057,0.7321277902593983
6.36,0.929544272481638,0.7326613056851556
6.37,0.924509425003904,0.7334307655845652
6.38,0.9191091903903814,0.734487310266509
6.39,0.9140895587383479,0.735882080039869
6.4,0.9101127992696301,0.7376412130082434
6.41,0.9071820060077863,0.7395939927447827
6.42,0.9049882336889278,0.7414765161439336
6.43,0.9032206724096036,0.74302432324857
6.44,0.901569091109655,0.7439745957278058
6.45,0.899795463275704,0.7442692906712426
6.46,0.8978031738916948,0.7442514146884583
6.47,0.8955120210570363,0.7443105227404926
6.48,0.8928418028711368,0.7448361697883853
6.49,0.8897318992853035,0.7461679986717353
6.5,0.8863145977629946,0.7481539508719982
6.51,0.8828319174744071,0.7503622730643837
6.52,0.8795271457494921,0.7523579795156463
6.53,0.8766432520459646,0.753706926597953
6.54,0.8743349338603164,0.7542088202876389
6.55,0.872548538998645,0.7542153254384748
6.56,0.8712003677491568,0.7541577086267699
6.57,0.8702067204000575,0.7544672364288334
6.58,0.8694870198806306,0.7555375566678094
6.59,0.8689997758065499,0.7572914361494876
6.6,0.868730104212144,0.7593311116311544
6.61,0.868663631380698,0.7612526728525388
6.62,0.8687859731359951,0.7626523873625454
6.63,0.8690728077296105,0.7632954592069174
6.64,0.8694713899862531,0.7634302843078413
6.65,0.8699239255259463,0.7633910939337603
6.66,0.8703726199687133,0.7635121193531181
6.67,0.8707637381945943,0.7641121405686393
6.68,0.8711094784881883,0.7652589670738232
6.69,0.8714755902385205,0.7668165701402925
6.7,0.8719293719968763,0.768643024270891
6.71,0.8725381196249855,0.7705964040339081
6.72,0.873337750316309,0.7725355475334643
6.73,0.874254850016518,0.7743219532263906
6.74,0.8751922076488383,0.775817698621476
6.75,0.8760526121364958,0.7768848612275097
6.76,0.8767418836935648,0.7773949000925878
6.77,0.8772315900912161,0.7774227563198584
6.78,0.877556912820747,0.7772402490574076
6.79,0.8777556377512719,0.7771272577398751
6.8,0.8778655507519044,0.7773636618019004
6.81,0.8779099171202357,0.7781451446692651
6.82,0.8778501743980697,0.7793088880197091
6.83,0.8776313072181539,0.7805966730658833
6.84,0.8771983000735409,0.7817502802104391
6.85,0.8764954227083732,0.7825181399798379
6.86,0.8754454114342981,0.7828490329673994
6.87,0.8739461894346001,0.7829226045822469
6.88,0.8718943050691784,0.782931291782516
6.89,0.8691863066979322,0.7830675315263417
6.9,0.8657783687647805,0.783486296930363
6.91,0.8619373775924069,0.7841473368101689
6.92,0.858031102969903,0.784947013591695
6.93,0.854427367793843,0.7857816563327583
6.94,0.8514863537211523,0.7865489290343965
6.95,0.8492302186473815,0.7872055492739809
6.96,0.8472167237986417,0.7877893658607704
6.97,0.844969912560254,0.7883441181931258
6.98,0.84201382831754,0.7889135456694076
6.99,0.8379738255648581,0.7895307681308186
7.0,0.8331240058023078,0.7901609029460408
7.01,0.8279942529269985,0.7907422560529973
7.02,0.823115072040663,0.7912130682741662
7.03,0.819012753878036,0.7915123297791374
7.04,0.8159166395334543,0.7916318306848243
7.05,0.8135684807790918,0.7916500582682744
7.06,0.8116647225317443,0.7916535557165346
7.07,0.8099018097082072,0.791728866216652
7.08,0.8080075393320469,0.7919521708213847
7.09,0.8059582396231825,0.7923175089382659
7.1,0.8038485709498762,0.7927798102071583
7.11,0.801773917796074,0.7932937649416167
7.12,0.7998293093876654,0.7938142286762155
7.13,0.7980645180868153,0.794317104702214
7.14,0.7964401721616678,0.7948197548443732
7.15,0.7949064813661836,0.7953443862997029
7.16,0.793413655454324,0.7959132062652129
7.17,0.7919212157729622,0.7965450815255726
7.18,0.7904810775359643,0.7972257337724128
7.19,0.7891980097737785,0.7979219240809813
7.2,0.7881774032273817,0.7986001904959945
7.21,0.7875243663955842,0.7992272116471685
7.22,0.7872632407271408,0.7998098962825573
7.23,0.7872266055227954,0.8004506699965237
7.24,0.78721920171869,0.8012658246903156
7.25,0.7870457702509666,0.8023716522651809
7.26,0.7865258471611148,0.803870955443911
7.27,0.7856656032492351,0.8056963759733585
7.28,0.7845989568432259,0.8076640840268824
7.29,0.7834623107499291,0.8095879845976316
7.3,0.7823920282191821,0.8112820503439797
7.31,0.7814849482234467,0.8126278631665169
7.32,0.7807241747540551,0.8137015571853412
7.33,0.7800724782742561,0.8146140485460938
7.34,0.779492629247299,0.8154762533944168
7.35,0.7789488921057156,0.816394429333795
7.36,0.7784300049918256,0.8173985192736487
7.37,0.777944692454586,0.8184561438795988
7.38,0.7775022639940249,0.8195330998043819
7.39,0.7771120289329695,0.820595184254272
7.4,0.7767809358811484,0.821615568812571
7.41,0.7765076568991298,0.8225932792818128
7.42,0.776289051245087,0.8235330042824086
7.43,0.7761219781771932,0.8244394324347694
7.44,0.7760033708673545,0.8253170211025511
7.45,0.7759317810505455,0.8261651635885441
7.46,0.7759073350262642,0.8269783267946197
7.47,0.7759302242059369,0.8277507739044407
7.48,0.7760006400009908,0.8284767681016699
7.49,0.7761186479089939,0.8291510994904912
7.5,0.7762837739307342,0.8297708158449718
7.51,0.7764953996038955,0.8303335694840268
7.52,0.7767529064645382,0.8308370127333619
7.53,0.7770556756811514,0.8312788931677261
7.54,0.777403077225682,0.8316598597237246
7.55,0.7777944680977517,0.8319839228587391
7.56,0.7782292045718388,0.83225528093666
7.57,0.7787066429224219,0.8324781323213772
7.58,0.7792262623158408,0.8326539960469028
7.59,0.7797881863769297,0.8327703404454128
7.6,0.7803927492612647,0.832810043786719
7.61,0.7810402852426641,0.8327559817626746
7.62,0.7817310849443069,0.8325917435149327
7.63,0.7824634825949114,0.8323328945605875
7.64,0.783233109783642,0.8320391738279661
7.65,0.7840354002978813,0.8317735532253434
7.66,0.784865787925011,0.8315990046609943
7.67,0.7857208276257135,0.8315633982487012
7.68,0.7866043007060741,0.831617267871337
7.69,0.7875228546215427,0.8316725414275936
7.7,0.7884831440367297,0.831641049711397
7.71,0.7894916217924518,0.8314353194707288
7.72,0.7905402877050408,0.8310177161806562
7.73,0.7915972765667589,0.8304328996777282
7.74,0.7926284892299298,0.8297332331496527
7.75,0.7935998265468777,0.8289710797841376
7.76,0.7944891605282597,0.8281937834558166
7.77,0.7953699068872584,0.8274086281101233
7.78,0.7963612359793538,0.8266037135109862
7.79,0.7975826048099343,0.8257670192346629
7.8,0.7991527098555049,0.8248865662229734
7.81,0.8010912827962468,0.8239557581645791
7.82,0.8032219999013019,0.8229786623041104
7.83,0.8053454649893014,0.821960600808804
7.84,0.8072622818788766,0.8209068958458959
7.85,0.8087924236531266,0.8198225721989679
7.86,0.8099494443229556,0.8187096825302846
7.87,0.8108582617543993,0.8175685696906563
7.88,0.8116451269196345,0.8163995560632089
7.89,0.8124361432729983,0.815202966514586
7.9,0.8133138961205245,0.8139798585554562
7.91,0.8142570362067432,0.8127330394730393
7.92,0.815229026215648,0.8114655722511375
7.93,0.8161933288312325,0.8101805198735536
7.94,0.8171154422634462,0.8088808180521154
7.95,0.8179867425404393,0.8075677844789926
7.96,0.8188164167118211,0.8062416232059917
7.97,0.8196140030801752,0.8049025163227032
7.98,0.8203890353313146,0.8035506485645555
7.99,0.8211461908941836,0.8021889877526676
8.0,0.8218760877578276,0.8008285590714822
8.01,0.8225668142832541,0.7994818374169756
8.02,0.8232064588314707,0.7981612976851242
8.03,0.8237845770588899,0.796877839539686
8.04,0.8243149676715998,0.7956163362336496
8.05,0.824831335810672,0.794340290232881
8.06,0.8253679760150316,0.7930125712482574
8.07,0.8259591816916662,0.7915960512266461
8.08,0.8266219107819653,0.7900878459975454
8.09,0.8273119651969155,0.7886058769099491
8.1,0.8279716676993412,0.7872946915586267
8.11,0.8285433410520662,0.7862988375383482
8.12,0.8289716218823369,0.7857544543346462
8.13,0.8292523045664222,0.785611784654537
8.14,0.8294312216986188,0.7856392425727775
8.15,0.8295562957970818,0.7855976478090176
8.16,0.8296754493799661,0.7852478200829073
8.17,0.8298268525787748,0.7844132862951351
8.18,0.8300066278253561,0.783187937187437
8.19,0.830199567852823,0.7817385126917061
8.2,0.8303904652300779,0.7802317537957014
8.21,0.8305646781576198,0.7788309514893609
8.22,0.830724986102251,0.777593137969636
8.23,0.8308944630956978,0.7764515613218297
8.24,0.8310973276625998,0.7753324889426199
8.25,0.8313577983275968,0.7741621882286834
8.26,0.8316934093125002,0.7728931560444785
8.27,0.8320864187880636,0.7716163138693378
8.28,0.8325074902961688,0.7704680809633268
8.29,0.8329272804421508,0.769584903805793
8.3,0.8333167747000378,0.7691001047258252
8.31,0.8336618935275665,0.7690051283539912
8.32,0.8339693030462886,0.7690943419692083
8.33,0.8342471998697382,0.769147573652745
8.34,0.8345037806114491,0.7689446514858687
8.35,0.8347532713966419,0.7683028140008066
8.36,0.8350490147532824,0.7672819996933661
8.37,0.8354599602823153,0.7660389820384815
8.38,0.8360550982202778,0.7647307866369516
8.39,0.8369025256100525,0.7635133672586529
8.4,0.838005323447684,0.7624646585236953
8.41,0.8392586141823395,0.7615330449726789
8.42,0.840547339991805,0.760654694837213
8.43,0.8417564430538663,0.7597657763489065
8.44,0.8427860281721411,0.7588144425953725
8.45,0.8436580420611652,0.7578451530542788
8.46,0.8444531180297217,0.7569487543125724
8.47,0.8452522657097602,0.7562163904108883
8.48,0.846136162875781,0.7557386518456257
8.49,0.8471413678369776,0.7555325370462335
8.5,0.8482165325303408,0.7554684150217087
8.51,0.8492998921545961,0.7553992794730185
8.52,0.8503296819084695,0.7551781241011308
8.53,0.851257034883444,0.7546725087903527
8.54,0.8521629231314838,0.7538966265330983
8.55,0.8532034348822586,0.7529495024751278
8.56,0.8545355733253726,0.751931195068528
8.57,0.8563159938263879,0.7509416490743616
8.58,0.8585955300717989,0.7500462199974187
8.59,0.8611707853467458,0.7492271646751627
8.6,0.8638009667109783,0.7484545164797418
8.61,0.8662452812242462,0.7476983087833043
8.62,0.8682795139540516,0.7469301106971182
8.63,0.8698918569778212,0.7461411681090157
8.64,0.871217506663981,0.745336344962981
8.65,0.8723945988664832,0.7445207775085108
8.66,0.8735612423255243,0.7436995998689118
8.67,0.8748254888111187,0.7428755891776445
8.68,0.8762078413187181,0.7420446572197514
8.69,0.8777129500228902,0.7412014726430716
8.7,0.879345465098203,0.7403407040954442
8.71,0.8811046834525889,0.7394572304450358
8.72,0.882900692250246,0.7385494337857674
8.73,0.8845699258633494,0.7376185885229503
8.74,0.8859466126478203,0.7366660556911426
8.75,0.8868649855527092,0.7356931961519739
8.76,0.887240741190716,0.7346983037066174
8.77,0.8872787551744181,0.7336687847318952
8.78,0.8872480404768948,0.7325896308696009
8.79,0.887417610071225,0.7314458337615278
8.8,0.8880469234325682,0.7302238262159807
8.81,0.889182174008182,0.7289422126981782
8.82,0.8906598199176895,0.7276512367162262
8.83,0.8923074719845379,0.7264024764126311
8.84,0.8939527410321734,0.7252475099298993
8.85,0.8954567921824038,0.7242034225176017
8.86,0.8968263686363841,0.7231376491763108
8.87,0.8981076846965316,0.7218770497035288
8.88,0.899346955388218,0.7202484831535794
8.89,0.9005895731667557,0.7180851415282928
8.9,0.9018553123661689,0.715417450141618
8.91,0.903133940918469,0.7125068528895117
8.92,0.9044135196458559,0.7096279366661438
8.93,0.9056821093705288,0.7070552883656839
8.94,0.9069296999605628,0.7050098826142714
8.95,0.908156526478594,0.7034279583953973
8.96,0.9093662120488261,0.7021515932901593
8.97,0.910562381951246,0.7010228049658694
8.98,0.9117486258351237,0.6998850640777329
8.99,0.9129268936752859,0.698648705697605
9.0,0.9140968452532201,0.6973174568766081
9.01,0.9152579700452366,0.6959019895544447
9.02,0.9164097575276458,0.694412975670818
9.03,0.9175517903252106,0.692872484428873
9.04,0.9186842593186668,0.6913770087432244
9.05,0.9198075995231717,0.6900529128171956
9.06,0.9209222466115353,0.6890266413218189
9.07,0.9220286377703819,0.6884229680861826
9.08,0.9231273222047616,0.6882430288506549
9.09,0.9242190361710796,0.6882815051764335
9.1,0.925304533694161,0.6883134670887001
9.11,0.9263845687988301,0.688113984612637
9.12,0.9274597227507115,0.6874870397751682
9.13,0.9285291790812251,0.6864705314868301
9.14,0.9295914441891222,0.6852156797480873
9.15,0.9306450200299405,0.6838744481505756
9.16,0.9316884281655814,0.6825983691859825
9.17,0.932722853826376,0.6814804072537222
9.18,0.9337548200679426,0.6804961599516997
9.19,0.9347914868398663,0.679607221008488
9.2,0.9358400140917323,0.6787751841526599
9.21,0.9369056671825966,0.6779646391888168
9.22,0.9379745006878591,0.6771705555563728
9.23,0.9390213923543618,0.6764055775577797
9.24,0.9400210814206569,0.6756825685303466
9.25,0.9409484072667631,0.6750143811881534
9.26,0.94180964316926,0.6744105336677265
9.27,0.9426870279488807,0.6738724855119703
9.28,0.9436740483250224,0.6734005030617202
9.29,0.9448641910170831,0.6729948526578114
9.3,0.9463399750068128,0.6726558699098351
9.31,0.9480422916129925,0.6723847849028205
9.32,0.9498134704802016,0.6721834502060984
9.33,0.9514938431320622,0.6720537310084976
9.34,0.9529237900628326,0.671997486506276
9.35,0.9540009676177039,0.6720095670086628
9.36,0.9547908805260349,0.6720642830975271
9.37,0.9553896206937418,0.672132202379968
9.38,0.9558932800267418,0.672183892463084
9.39,0.9563952438026644,0.6721918606451921
9.4,0.9569434028888932,0.6721612175593413
9.41,0.9575478818019052,0.6721241388993989
9.42,0.9582176608542419,0.6721136203470875
9.43,0.9589617196469454,0.6721626572094649
9.44,0.9597743036488597,0.672296486012482
9.45,0.960597029014589,0.6725126294457127
9.46,0.9613597658327506,0.6728024248901123
9.47,0.9619923841919615,0.6731572097266374
9.48,0.9624272719054638,0.6735683386098226
9.49,0.9626535673442763,0.6740275555478303
9.5,0.9627165239468157,0.674526989542485
9.51,0.9626637857729938,0.675058785997162
9.52,0.9625429968827226,0.675615090315236
9.53,0.962396680949656,0.6761939005427697
9.54,0.9622450070130961,0.6768187662527351
9.55,0.962102045135181,0.6775202081980686
9.56,0.9619818652393699,0.6783287472902186
9.57,0.961896796444867,0.6792727520401061
9.58,0.9618043431484673,0.6803128034626453
9.59,0.9615974428043412,0.6813296494030976
9.6,0.9611653272636459,0.6821994559498381
9.61,0.9603972283775392,0.6827983891912419
9.62,0.9592142124101759,0.6830396586632451
9.63,0.9577074949173643,0.6830344645593582
9.64,0.9560249040778414,0.6829598831653845
9.65,0.9543143063265853,0.6829930352832021
9.66,0.9527220511515198,0.6833086580316997
9.67,0.9513237441071165,0.6839703237332277
9.68,0.9500956341446669,0.6848854788624714
9.69,0.9490065229842132,0.6859498675486825
9.7,0.9480252123457977,0.6870592339211122
9.71,0.9471061739656789,0.688122279150075
9.72,0.9461096920036974,0.6891328679562118
9.73,0.9448580217010863,0.6901192504626447
9.74,0.9431733123607183,0.691109772580998
9.75,0.940879990961581,0.6921325608804026
9.76,0.9379738427615859,0.6931992399559045
9.77,0.9347384014870777,0.6942937239365091
9.78,0.9314847355121099,0.6953972753370381
9.79,0.9285239132107361,0.6964911566723132
9.8,0.9261283221428261,0.697560868204163
9.81,0.9242552523918218,0.6986264312720045
9.82,0.9227084620300734,0.699724687694198
9.83,0.9212906784545969,0.7008925922066159
9.84,0.919805280982967,0.702166712300515
9.85,0.9181461752200619,0.7035298423242637
9.86,0.9163897214652423,0.7048563974730677
9.87,0.9146342001993307,0.7060077722264378
9.88,0.9129778919031493,0.7068453610638855
9.89,0.911502837078209,0.7072507647923538
9.9,0.9101252071870598,0.7073119640452473
9.91,0.9086641266720422,0.7072376886163618
9.92,0.9069374965730903,0.707238190497837
9.93,0.9047635955705109,0.7075234451171892
9.94,0.9020830558770454,0.7082138223910163
9.95,0.8991339521161561,0.7092118605260244
9.96,0.8961986900247095,0.7103876318737279
9.97,0.8935596753395736,0.7116112087856407
9.98,0.8914796363008135,0.7127597092499617
9.99,0.8899652041225031,0.7138019482130626
10.0,0.8888438000468869,0.714770907744019
10.01,0.8879391622374173,0.7157008886586617
10.02,0.8870750688169374,0.7166261837542649
10.03,0.8861246656125715,0.7175711793283145
10.04,0.8851066549226938,0.7185310532074394
10.05,0.8840664332781885,0.7194956265501277
10.06,0.8830493972099401,0.7204547205148669
10.07,0.882099097075712,0.7213985777839649
10.08,0.8812277828066261,0.7223245876476289
10.09,0.8804215787082461,0.7232361044777598
10.1,0.879665808480197,0.7241366654430239
10.11,0.878945795953337,0.7250298076334951
10.12,0.8782500671276303,0.7259171504440632
10.13,0.8775786573052978,0.7267934206500299
10.14,0.876934186626834,0.7276517970347747
10.15,0.8763192752327323,0.7284854583816778
10.16,0.8757363507323404,0.7292881692519806
10.17,0.8751834586317186,0.7300670267982247
10.18,0.8746542877999506,0.7308423832827636
10.19,0.8741423396682887,0.7316351612493505
10.2,0.8736411156679852,0.7324662832417375
10.21,0.87314702304568,0.7333414293397454
10.22,0.8726692349192995,0.7341993162044312
10.23,0.8722204290600326,0.7349602768269236
10.24,0.871813283336492,0.7355446436873145
10.25,0.8714595465738555,0.7358755676670459
10.26,0.8711413780233794,0.7359659643365921
10.27,0.87080589886766,0.7359350428327364
10.28,0.8703982017797786,0.7359081660992158
10.29,0.8698633794328166,0.7360106970797677
10.3,0.8691624333690603,0.7363428959367323
10.31,0.8683419368252964,0.7368699983053653
10.32,0.8674771089828995,0.7375120390668236
10.33,0.8666431895529423,0.7381890207082255
10.34,0.8659143901332867,0.7388217830501428
10.35,0.865316328533664,0.7393707424928586
10.36,0.8648059975582482,0.7398522061812776
10.37,0.8643352054332432,0.7402867037725059
10.38,0.8638557603848529,0.7406947649236499
10.39,0.8633252839087749,0.7410943023346817
10.4,0.8627398574605945,0.7414859152012679
10.41,0.8621111833414287,0.7418631706894748
10.42,0.8614510088314149,0.7422196157171813
10.43,0.8607710300646361,0.7425488380506925
10.44,0.8600790304754282,0.7428475503821086
10.45,0.859376186219687,0.7431177423877532
10.46,0.8586630365687495,0.7433619123996387
10.47,0.8579401207939528,0.7435825587497774
10.48,0.8572077246024773,0.7437820021581555
10.49,0.8564640539668437,0.7439611065698989
10.5,0.8557062956472471,0.7441200220107482
10.51,0.8549316294056717,0.7442588936044638
10.52,0.8541372899789818,0.7443778705523905
10.53,0.8533283164313625,0.7444776809166821
10.54,0.8525255681020452,0.744560226177372
10.55,0.8517518180769229,0.744627549760481
10.56,0.8510298394418896,0.7446816950920289
10.57,0.8503767218251442,0.7447244046727101
10.58,0.8497510826623523,0.7447543250421782
10.59,0.8490771354674491,0.7447682811357191
10.6,0.8482786526236663,0.7447630745318154
10.61,0.8472795677186287,0.7447355217444112
10.62,0.846057747779668,0.7446874361784066
10.63,0.8447229507238205,0.7446328508263578
10.64,0.8434047209300626,0.7445876318810254
10.65,0.8422326027773699,0.7445676455351707
10.66,0.8413272775319358,0.7445869174199206
10.67,0.8406931655232555,0.7446353297954593
10.68,0.8402528805527866,0.7446857765387015
10.69,0.8399273321646953,0.7447107976113332
10.7,0.8396374473498162,0.7446829411039914
10.71,0.8393269488538199,0.7445853763658448
10.72,0.8390071813816383,0.7444327799418915
10.73,0.838701970235159,0.7442456434794533
10.74,0.8384351407162696,0.7440444586258512
10.75,0.8382296685213327,0.743848959472167
10.76,0.8380939996651529,0.7436659246253138
10.77,0.8380243862968864,0.7434912599533429
10.78,0.8380167026262003,0.7433205343321243
10.79,0.8380668229191024,0.7431493166804238
10.8,0.838172257911011,0.7429744218506967
10.81,0.8383364368884624,0.742797170812156
10.82,0.8385641267148304,0.7426199029044368
10.83,0.8388600942534885,0.7424449574671739
10.84,0.83922894496458,0.7422746300685844
10.85,0.8396715746766558,0.7421102102509554
10.86,0.8401851710542505,0.7419519819286401
10.87,0.8407667606521838,0.7418001853241732
10.88,0.8414133700252756,0.7416550606600892
10.89,0.842125178010619,0.7415168208329584
10.9,0.8429162990477513,0.7413855579367854
10.91,0.8438046972543932,0.7412613306941447
10.92,0.8448083368773605,0.7411441978264909
10.93,0.8459441345225235,0.7410342054501885
10.94,0.847195261309672,0.7409309936599485
10.95,0.8485047106325664,0.7408337191368872
10.96,0.849813129508598,0.7407415103308003
10.97,0.8510611649551577,0.7406534956914839
10.98,0.8522215859590356,0.7405692348407769
10.99,0.8534410426252391,0.7404906214005309
11.0,0.8549247493839743,0.7404203350994335
11.01,0.8568779651187327,0.7403610562628673
11.02,0.8595013663243875,0.7403153523067093
11.03,0.8627761021925022,0.7402803815204345
11.04,0.8663715870376868,0.7402456210835695
11.05,0.8699334974040605,0.7401999632798253
11.06,0.8731075098357409,0.7401323003929128
11.07,0.875593508381568,0.7400336899855874
11.08,0.8774523640727989,0.7399096089810274
11.09,0.8788924371507884,0.7397714256508048
11.1,0.8801225266217247,0.7396305257926312
11.11,0.8813502159453175,0.7394982299843246
11.12,0.8826885208245927,0.7393807847903412
11.13,0.8840898630898903,0.7392758201442241
11.14,0.8854910714957063,0.7391801293362675
11.15,0.8868289747965372,0.739090505656766
11.16,0.8880450175724781,0.7390040349534646
11.17,0.8891187637197492,0.7389202191294212
11.18,0.8900485660822062,0.7388397509573469
11.19,0.890832909428416,0.7387633315715235
11.2,0.8914702552640573,0.7386916599339239
11.21,0.8919556881652736,0.7386251196657037
11.22,0.8922774077570301,0.7385634514648826
11.23,0.8924227750782284,0.738506317721535
11.24,0.89237915116777,0.738453380825735
11.25,0.8921367457271986,0.7384043172581878
11.26,0.8917152901659039,0.7383589495258337
11.27,0.8911519837687701,0.7383171865387483
11.28,0.890484253600253,0.738278938333696
11.29,0.8897494949564648,0.7382441149844623
11.3,0.8889741228587363,0.7382126393606134
11.31,0.8881575412115541,0.7381844658089161
11.32,0.8872950750469273,0.7381595534294202
11.33,0.8863820493968655,0.738137861322176
11.34,0.8854142642485616,0.7381193299695968
11.35,0.8843937990496207,0.7381036537072703
11.36,0.8833271762019677,0.7380903527126507
11.37,0.8822210119244335,0.7380789434856893
11.38,0.8810819219554678,0.7380689428088765
11.39,0.8799158573791589,0.7380602583864242
11.4,0.8787267855749209,0.738053964654138
11.41,0.877518305467259,0.7380513527574927
11.42,0.8762940159806779,0.7380537138419636
11.43,0.8750575405417125,0.7380621683802782
11.44,0.8738129252595395,0.738074892582657
11.45,0.8725645729145184,0.7380875782100307
11.46,0.8713168974672958,0.738095839145274
11.47,0.8700743128774023,0.738095289312191
11.48,0.8688411940233933,0.7380829741801941
11.49,0.8676217735585421,0.7380611489655433
11.5,0.8664202517917702,0.7380332536659756
11.51,0.8652408290319996,0.7380027282792279
11.52,0.8640877068432794,0.7379729558645659
11.53,0.8629651159210209,0.7379459979460804
11.54,0.8618773162391018,0.737922587839318
11.55,0.8608285690559486,0.7379034005866693
11.56,0.8598231356299882,0.7378891112305253
11.57,0.8588652780797942,0.7378803024892537
11.58,0.857959262350357,0.7378771463722177
11.59,0.8571093554503054,0.7378797007230248
11.6,0.8563198243883102,0.7378880233807183
11.61,0.8555949358264984,0.7379021743549755
11.62,0.8549389451371675,0.7379222843710173
11.63,0.8543560941773121,0.737948568809206
11.64,0.8538506240077657,0.7379812480367779
11.65,0.8534267756893614,0.7380205424209696
11.66,0.8530888025084309,0.7380666669514199
11.67,0.8528410243519186,0.7381198073223293
11.68,0.85268778367536,0.7381801393007116
11.69,0.8526334229524116,0.7382478386456096
11.7,0.8526822814812329,0.7383230812031776
11.71,0.8528385443539646,0.7384060470497975
11.72,0.8531061764743056,0.7384969223021296
11.73,0.8534891258468675,0.7385958935404149
11.74,0.8539913404762619,0.7387031473448947
11.75,0.8546155064831339,0.7388188698803101
11.76,0.8553558513848971,0.7389432445262389
11.77,0.8562031262328209,0.7390764535175643
11.78,0.8571480713979426,0.7392186790856518
11.79,0.8581814277940671,0.7393701034633399
11.8,0.8592939792836408,0.7395309089999644
11.81,0.8604765830751653,0.7397012782438122
11.82,0.8617201035507479,0.7398813937626276
11.83,0.8630154050924961,0.740071438124156
11.84,0.8643534044869069,0.7402715936162305
11.85,0.8657254542770731,0.7404820401991468
11.86,0.8671231230290162,0.740702956679341
11.87,0.8685379808594602,0.7409345218549671
11.88,0.8699615919373167,0.7411769145393894
11.89,0.8713846373501716,0.7414303158043181
11.9,0.8727959873376738,0.7416949113524329
11.91,0.8741842900641924,0.7419708874543368
11.92,0.8755381936940965,0.7422584303806332
11.93,0.8768469681655361,0.7425577244936652
11.94,0.8781063742948667,0.7428689342348931
11.95,0.8793160351491881,0.7431922121923051
11.96,0.8804756250079241,0.7435277107967155
11.97,0.8815847882807099,0.7438755825981839
11.98,0.8826324988100906,0.7442360227454056
11.99,0.8835813250935611,0.7446093318014986
12.0,0.8843898220630769,0.7449958263523868
12.01,0.8850165446505934,0.7453958229839935
12.02,0.8854221204173851,0.7458096380985088
12.03,0.8855947968736727,0.746237585649683
12.04,0.8855424717153381,0.7466799778493263
12.05,0.8852734631732506,0.74713712687197
12.06,0.8847960916554208,0.7476093449384691
12.07,0.8841218716170919,0.748097012231273
12.08,0.8832719086938825,0.7486007130099352
12.09,0.8822691013434746,0.7491210696809232
12.1,0.88113634802355,0.7496587046507043
12.11,0.8798960150680425,0.7502141900917296
12.12,0.8785612088033256,0.7507872240050292
12.13,0.8771371789909994,0.7513767627092595
12.14,0.8756289263364518,0.7519817390114522
12.15,0.8740414514582944,0.752601085726034
12.16,0.8723760521296512,0.7532340512571768
12.17,0.8706204663628747,0.7538810396936306
12.18,0.8687593291019509,0.7545427195954977
12.19,0.8667772752908659,0.75521975952288
12.2,0.8646610168856436,0.755912665011488
12.21,0.8624459495789588,0.7566181204171768
12.22,0.8602166651835115,0.7573289486990449
12.23,0.8580599350042346,0.758037801748143
12.24,0.8560625303460614,0.7587373314555209
12.25,0.8542535344819755,0.7594246946745484
12.26,0.8524037899315127,0.7601172147441572
12.27,0.8502119074591712,0.7608378557111292
12.28,0.8473764944217943,0.7616095818883561
12.29,0.8436065525811137,0.76245386737909
12.3,0.83895359747816,0.7633430812785343
12.31,0.8338814185777962,0.7641904864047978
12.32,0.8288783022480888,0.764905833540265
12.33,0.8244325348571051,0.7653988734673202
12.34,0.8209372452160723,0.7656062477746342
12.35,0.8182638651316781,0.76561202568096
12.36,0.8161059624886677,0.7655505394049551
12.37,0.8141569542962201,0.7655561638015713
12.38,0.8121137555054351,0.7657615322727563
12.39,0.8098454806173894,0.766213548545591
12.4,0.8074684863848846,0.7668360266070446
12.41,0.8051182543392226,0.7675432591587934
12.42,0.8029302660117058,0.7682495389025134
12.43,0.8010063483775871,0.7688803429799331
12.44,0.7992212511737888,0.7694366132560657
12.45,0.7973558423728242,0.7699504913825015
12.46,0.7951906922292382,0.7704542179516325
12.47,0.7925087111726762,0.7709796855475425
12.48,0.7892811768090376,0.7715307746015507
12.49,0.7858028677896469,0.7720632575843211
12.5,0.7824004331651925,0.7725281675075879
12.51,0.779400521986362,0.7728765373830848
12.52,0.7770914723712493,0.7730675022757552
12.53,0.7754408591833062,0.7731280327424127
12.54,0.7742563247088364,0.7731189221200061
12.55,0.7733443377527572,0.7731012119150791
12.56,0.772511753363064,0.7731357426274212
12.57,0.7716240929112393,0.7732528239126237
12.58,0.7706678747920604,0.7734197967408848
12.59,0.7696445577076719,0.773596226919935
12.6,0.7685556003602183,0.773741680257505
12.61,0.7674065264602515,0.7738196624062297
12.62,0.7662456071530027,0.773835110239993
12.63,0.7651466925995876,0.7738177520587468
12.64,0.7641839778046167,0.773797650388046
12.65,0.7634316078734364,0.77380480496395
12.66,0.7629452951319099,0.7738460210939262
12.67,0.7627348667144216,0.7738703655985159
12.68,0.7628031295677442,0.7738180716201704
12.69,0.7631528906386503,0.773629372301341
12.7,0.7637839662408192,0.7732516827548223
12.71,0.7646560023595074,0.7727288866665761
12.72,0.7656999079196581,0.7721738794362922
12.73,0.7668459685870858,0.7717010532131595
12.74,0.7680244786202237,0.7714247623985439
12.75,0.7691791175113863,0.7714005593695151
12.76,0.7702940044991701,0.7715063426074683
12.77,0.7713608661033233,0.7715865914144903
12.78,0.7723714288435948,0.7714857850926672
12.79,0.77332387900073,0.7710562747219789
12.8,0.7743298032053396,0.7702885995239719
12.81,0.7755975273923182,0.7692911839356396
12.82,0.7773384786500185,0.7681762314178805
12.83,0.7797640821287989,0.7670559448223715
12.84,0.7829833427141151,0.7660103304971312
12.85,0.7867278596691397,0.7650007547777743
12.86,0.7906423232502843,0.7639612635652648
12.87,0.7943714237139605,0.7628259027605676
12.88,0.7975713133770257,0.7615332757745915
12.89,0.8001694742555743,0.7601298713158796
12.9,0.8023690673885754,0.7587717927555692
12.91,0.8043855858091309,0.7576200468751545
12.92,0.8064345225503422,0.7568356404561296
12.93,0.8086904357880048,0.7565202740324406
12.94,0.811143487220131,0.7565084953035494
12.95,0.8137319398388684,0.7565596613441042
12.96,0.8163940537739767,0.756433125081739
12.97,0.8190690310521298,0.7558932753212358
12.98,0.8217274684493354,0.7548723537378008
12.99,0.8243779584731951,0.7535057472059923
13.0,0.82703137081433,0.7519410176205363
13.01,0.8296985751633613,0.7503257268761596
13.02,0.8323888639286089,0.7487899246052688
13.03,0.8351028269001418,0.7473670369420098
13.04,0.8378380687567631,0.7460573469037245
13.05,0.8405921915052266,0.7448611078404968
13.06,0.8433626448311535,0.7437774888685241
13.07,0.8461392760938908,0.7427515451427008
13.08,0.8489009568617781,0.7416502052671483
13.09,0.8516257030349307,0.7403343071317152
13.1,0.8542915305134644,0.7386646886262501
13.11,0.8568850738787441,0.7365375819259781
13.12,0.8594515039096793,0.734089609449228
13.13,0.8620603357297999,0.731557368384932
13.14,0.8647811641184925,0.7291777830442421
13.15,0.8676821291190852,0.7271861363716062
13.16,0.8707122407972676,0.7256832979397547
13.17,0.8736147608827177,0.7245379931699886
13.18,0.8761125340749902,0.7235959111168284
13.19,0.8779284050736397,0.7227027408347959
13.2,0.87883643188247,0.7217204173226571
13.21,0.8790424254710685,0.72064783675973
13.22,0.8789687088371188,0.7195525775240003
13.23,0.8790392284289943,0.7185027329863796
13.24,0.8796766817058814,0.717566032962399
13.25,0.8811096447799103,0.7167537024868185
13.26,0.8831640084710699,0.715959753085956
13.27,0.8856156011110582,0.7150636241127514
13.28,0.888240251031573,0.7139447549201436
13.29,0.8908191132582239,0.712498399265764
13.3,0.8931897703320367,0.7107873383791241
13.31,0.8952237594911431,0.7089751614824834
13.32,0.8967930833324406,0.7072268394002661
13.33,0.8977700361339236,0.7057071655752044
13.34,0.8981383817693214,0.7045131448077331
13.35,0.8981610214200815,0.703572028532088
13.36,0.8981438424118208,0.7027849267729878
13.37,0.8983927320701557,0.7020529495551515
13.38,0.8991928416239858,0.7012823483815668
13.39,0.9005485722559775,0.7004489862294301
13.4,0.9022623728104948,0.6995787997987291
13.41,0.9041322536843646,0.6986988262946178
13.42,0.90595625887558,0.6978360985062998
13.43,0.9075880904649626,0.6970103344967156
13.44,0.9090506365959087,0.6962190174678031
13.45,0.9103988141406348,0.6954554213248091
13.46,0.9116875399713581,0.6947128199729803
13.47,0.9129697417379312,0.6939847534635061
13.48,0.9142631186395933,0.6932694752015705
13.49,0.9155551530524775,0.6925692814208515
13.5,0.916832347860764,0.6918865994051366
13.51,0.9180812059937985,0.6912238564305956
13.52,0.9192912383911831,0.6905829724608811
13.53,0.920463109431244,0.6899639863892374
13.54,0.9216000680234798,0.6893665012177703
13.55,0.9227053630773902,0.6887901199485859
13.56,0.9237822717585062,0.6882344885760829
13.57,0.9248347467762144,0.6877002809522954
13.58,0.9258674309516567,0.6871892209523357
13.59,0.9268849982760047,0.6867030798773314
13.6,0.9278921227404301,0.68624362902841
13.61,0.9288901846301637,0.6858117850907177
13.62,0.9298656340443783,0.6854045908226335
13.63,0.9308006927572948,0.6850179918614994
13.64,0.9316775822727522,0.6846479337745015
13.65,0.9324796537895984,0.6842906326251279
13.66,0.9332283489084282,0.6839514249144485
13.67,0.9339914607452203,0.6836467456377328
13.68,0.9348395843155419,0.6833937006823687
13.69,0.9358433146349598,0.6832093959357441
13.7,0.9370504984808837,0.683104056537108
13.71,0.938382667377558,0.6830497005594229
13.72,0.9397177610076632,0.683005160681661
13.73,0.9409336779245787,0.6829292571422534
13.74,0.9419098641348027,0.6827814120041592
13.75,0.9426040740631322,0.6825515024867673
13.76,0.9430877456774204,0.6822736188093276
13.77,0.9434412490538262,0.6819853250035051
13.78,0.9437449542685087,0.681724185100965
13.79,0.9440707951031099,0.681523155655606
13.8,0.9444330296407406,0.6813836936692348
13.81,0.9448217874803656,0.6812940783848672
13.82,0.9452271167946308,0.681242544574579
13.83,0.9456389849283114,0.6812174515389101
13.84,0.9460406242294712,0.6812175349348674
13.85,0.9464035693813991,0.6812595525722086
13.86,0.9466981858555573,0.6813620636214383
13.87,0.9468948391234073,0.6815436272530614
13.88,0.946968258551239,0.6818175985418989
13.89,0.9469302179051798,0.6821531558332895
13.9,0.9468111745951806,0.6824971965803863
13.91,0.9466417291660523,0.6827964475430638
13.92,0.9464523914910482,0.6829978535124019
13.93,0.9462592477716869,0.6830830428185414
13.94,0.9460482904049036,0.6831060081428048
13.95,0.9458017449158448,0.6831298000851362
13.96,0.945501836829658,0.6832174692454797
13.97,0.9451336201104936,0.6834269784800379
13.98,0.9447123323667934,0.6837619968641896
13.99,0.9442714759754195,0.6841933391458547
14.0,0.943844807760917,0.6846913623771692
14.01,0.9434659825624226,0.685226446002634
14.02,0.9431283135861539,0.685777827052871
14.03,0.9427234898624052,0.6863470556089434
14.04,0.9421274483055188,0.6869391403556829
14.05,0.9412161258298366,0.6875590899779221
14.06,0.9398775239541101,0.6882115363918108
14.07,0.9381642958704599,0.6888959695633964
14.08,0.9362481877695563,0.6896081602723758
14.09,0.9343035979416817,0.6903437964753346
14.1,0.9325048926464443,0.691098566445482
14.11,0.9309699352592933,0.6918687169878965
14.12,0.9296437815035044,0.6926522031139289
14.13,0.9284385647876197,0.6934473052725119
14.14,0.9272664185201823,0.6942523039125772
14.15,0.9260408159509851,0.6950654484811996
14.16,0.9246991683907179,0.695884434535673
14.17,0.9231995319377696,0.6967064799447708
14.18,0.9215006393508179,0.6975287869203916
14.19,0.9195612239872117,0.6983485576779789
14.2,0.9173913019858142,0.6991632981209359
14.21,0.9151922308886256,0.6999716472440951
14.22,0.9132099849962607,0.7007725082551878
14.23,0.9116905386093324,0.7015647843619452
14.24,0.9108674242387078,0.7023472664743948
14.25,0.910673739009385,0.7031160338184088
14.26,0.9107339938302617,0.7038643803675488
14.27,0.9106586272882549,0.7045854730807364
14.28,0.9100580779702814,0.7052724789168925
14.29,0.908636944690765,0.7059216183093445
14.3,0.9065293327892155,0.7065430399413422
14.31,0.9039917446097724,0.7071508616467077
14.32,0.9012806915032,0.7077592015513355
14.33,0.8986483164921231,0.7083814355040047
14.34,0.896197759239891,0.7090056203343957
14.35,0.8938498472340332,0.7095888339366534
14.36,0.89151429275327,0.7100862654811685
14.37,0.8891008080763217,0.7104531041383314
14.38,0.8865566604766554,0.7106550486772307
14.39,0.884038984824587,0.7107165283830259
14.4,0.881777783073705,0.7106823640709148
14.41,0.8800031295657658,0.7105973968136032
14.42,0.8789405728620124,0.7105061013645362
14.43,0.8785834267731454,0.7104341552637503
14.44,0.8785859913127645,0.7103797960808326
14.45,0.8785757222245412,0.7103390885948228
14.46,0.8781800752521464,0.7103080975847605
14.47,0.8770936232389378,0.7102827776566847
14.48,0.8754728255515762,0.7102583252279626
14.49,0.8736685135651109,0.710229617653493
14.5,0.87203219490469,0.710191531178107
14.51,0.8709129626437654,0.71013915717345
14.52,0.8704551652387039,0.7100858289305058
14.53,0.8704455305642776,0.7100767422912528
14.54,0.8706347827434296,0.7101603008867011
14.55,0.8707736458991027,0.7103849083478597
14.56,0.8706389171021384,0.710791336301543
14.57,0.8702302571281486,0.7113551203016655
14.58,0.8696603762500454,0.7120187043529613
14.59,0.8690428694281915,0.7127242734967987
14.6,0.868491240739111,0.7134141958210147
14.61,0.8681041933883259,0.714060649412893
14.62,0.8679493707220121,0.7146983691099102
14.63,0.8680905017727483,0.7153699734535593
14.64,0.8685913155731132,0.7161180809853327
14.65,0.8694982807700404,0.716982195717645
14.66,0.8706723103597597,0.7179683393015249
14.67,0.8718614031117509,0.7190621587191013
14.68,0.8728119590603023,0.7202490124706961
14.69,0.8732708137888642,0.7215142897375213
14.7,0.8731632221219326,0.7228559478828143
14.71,0.8728665755450872,0.7243037936142198
14.72,0.8728288062351307,0.7258926026564131
14.73,0.8734978463688656,0.7276571507340703
14.74,0.875278194858573,0.7296265887749742
14.75,0.8779768401448831,0.7317526874988681
14.76,0.8809662048226652,0.7339309394560788
14.77,0.8836089065110595,0.7360555674098787
14.78,0.8852677269466545,0.7380208524049484
14.79,0.8856142484754317,0.7398307367961128
14.8,0.8852702831968704,0.7418266086443814
14.81,0.8850398256577724,0.744414552663719
14.82,0.8857268704049392,0.7480006535680916
14.83,0.8880854996670584,0.7529613958667671
14.84,0.8919701281285681,0.7591397215593606
14.85,0.8964550364491389,0.765915918781733
14.86,0.9005886520844258,0.7726549435801962
14.87,0.903419405625018,0.7787217534564639
14.88,0.904349593120426,0.783645588975289
14.89,0.9041100802093737,0.7875724829767684
14.9,0.9037434699857083,0.7907931933163997
14.91,0.9042923655432765,0.7935984778496799
14.92,0.9067598612622269,0.7962786602175453
14.93,0.9111854325740465,0.7991134735522001
14.94,0.9166134006202691,0.8023717138927009
14.95,0.9220422687101778,0.8063216737241293
14.96,0.9264705401530564,0.811231645531568
14.97,0.929109230906658,0.8172372104971727
14.98,0.9301448176236431,0.8238647876628566
14.99,0.9300434865081727,0.8304661212015914
15.0,0.9292714472894319,0.8363929405952863
15.01,0.9282945037918637,0.8410120522790436
15.02,0.9275644524424066,0.8442105544085474
15.03,0.9275158571415417,0.8465156312680696
15.04,0.9285822221648377,0.848493825921336
15.05,0.9311970517878632,0.8507116814320725
15.06,0.9356347905524783,0.853629279692385
15.07,0.9412753224206543,0.8571079591839708
15.08,0.9471860457139484,0.8607999068539621
15.09,0.9524340322396161,0.8643570911083532
15.1,0.9560978547513997,0.8674345137324079
15.11,0.957854564755914,0.8698450255235627
15.12,0.9582597124833407,0.8716331816715077
15.13,0.9579389524104314,0.872862027389208
15.14,0.9575179390139378,0.8735946078896278
15.15,0.9575468110177612,0.8738996002532807
15.16,0.9580525836461453,0.8738846954372549
15.17,0.9588408293142424,0.8736740993180189
15.18,0.9597163264709299,0.873392076985023
15.19,0.9604851011405102,0.8731616534907748
15.2,0.9610608516057957,0.8729988322395787
15.21,0.9615464076190532,0.8727316279943905
15.22,0.9620637773945829,0.8721689929421108
15.23,0.9627349691466855,0.8711198792696407
15.24,0.9636498155015922,0.8694281969882225
15.25,0.9646212115362546,0.8672387405616334
15.26,0.9653207662474973,0.864849807598965
15.27,0.9654189594337951,0.8625609225499027
15.28,0.9645877590687508,0.8606703079650804
15.29,0.9627473083114118,0.8592590754971812
15.3,0.9603415722438777,0.8579500820870936
15.31,0.95788098011381,0.8563080398831862
15.32,0.955875961168868,0.8538976610338272
15.33,0.9547916686738591,0.8503262372710937
15.34,0.95460291553317,0.8456621985974337
15.35,0.9549844584936048,0.8402561614080348
15.36,0.9556067369050845,0.8344628023735423
15.37,0.9561404401202597,0.8286365791020831
15.38,0.9563623699299181,0.8230389691852134
15.39,0.9563198367820146,0.8176944195716455
15.4,0.9561026303112719,0.812590155225948
15.41,0.9558005401524122,0.8077134011126905
15.42,0.955498988429564,0.8030573438744509
15.43,0.9552228301580356,0.7986978446185566
15.44,0.9549526272737857,0.7947712247698027
15.45,0.9546679292466607,0.791415187775266
15.46,0.9543482875515308,0.7887674054844663
15.47,0.9539772843906023,0.7869020287582889
15.48,0.9535509813777143,0.785696543067317
15.49,0.9530678479289417,0.7849904888747764
15.5,0.9525263534603587,0.7846234066438929
15.51,0.9519272876693986,0.7844387523495511
15.52,0.9513136358432193,0.7843511876947205
15.53,0.950765172395393,0.7843374566177177
15.54,0.9503629043516828,0.7843763831095162
15.55,0.9501878383342536,0.7844467911620602
15.56,0.9502591652489807,0.7845276534629703
15.57,0.9503625396067754,0.7845985044639996
15.58,0.950228474942074,0.78463901125671
15.59,0.9495874847893123,0.7846288409326635
15.6,0.948181467847223,0.7845478508799205
15.61,0.9460328109502978,0.7843805866850346
15.62,0.9434551465092823,0.7841164619375074
15.63,0.9407756445426688,0.7837451165001977
15.64,0.9383214750689516,0.7832561902359647
15.65,0.9363576968465872,0.7826388149756278
15.66,0.9348624762965229,0.7818797759465168
15.67,0.9337312024867389,0.7809651813079479
15.68,0.9328592565770135,0.7798811391545528
15.69,0.9321441010841564,0.7786149305295815
15.7,0.9315558691339518,0.7771947899932015
15.71,0.9311545862281047,0.7756996109481282
15.72,0.9310058524896264,0.7742114283745493
15.73,0.9311752680415282,0.7728122772526519
15.74,0.931699015812778,0.7715418457564419
15.75,0.9324467746898754,0.7702001352154056
15.76,0.9332297072230296,0.7685029111903946
15.77,0.9338589117161702,0.7661658467580917
15.78,0.9341487065344259,0.7629097954440405
15.79,0.9340833517194843,0.75872901370328
15.8,0.9338979467146624,0.7540213095423373
15.81,0.9338477634353648,0.7492169445310798
15.82,0.9341880737969969,0.7447461802393724
15.83,0.9351248834596749,0.7409836000250027
15.84,0.9365206524593223,0.7379155294816808
15.85,0.9380915563139705,0.735362970892804
15.86,0.939553230238125,0.7331463159182467
15.87,0.9406230700950772,0.7310854696296356
15.88,0.9411731513462432,0.7289575884963468
15.89,0.9413487897306839,0.7264643139224916
15.9,0.9413232079769543,0.7232995746932676
15.91,0.9412696288136093,0.7191572995938731
15.92,0.9413452664420665,0.7137654220602868
15.93,0.9415685898060503,0.7071465924624658
15.94,0.9418868773723994,0.6994746810349222
15.95,0.9422468266346161,0.6909247920916844
15.96,0.9425952051116542,0.6816722269680338
15.97,0.9428907415000972,0.6719259405661175
15.98,0.943117557526801,0.6619663327635258
15.99,0.943263018774775,0.6520829302423614
16.0,0.943314490827028,0.642565259684727
16.01,0.9432626215148877,0.6337020559680409
16.02,0.9431338695138524,0.6257734150151621
16.03,0.9429767302894905,0.6190541166266135
16.04,0.9428400214944367,0.6138188628790018
16.05,0.942772627310739,0.6103419217319583
16.06,0.9428527062320334,0.6087065407443822
16.07,0.9432334909626823,0.6085060941001692
16.08,0.9440800803013267,0.6092565274815211
16.09,0.9455575730466085,0.6104737865706408
16.1,0.947806267036151,0.6117036728937695
16.11,0.9506197542729469,0.6129093587120537
16.12,0.9535366807998937,0.6143609248301353
16.13,0.9560897891102096,0.6163355588521972
16.14,0.9578118974435524,0.6191103915025871
16.15,0.9583987999931647,0.622840170908455
16.16,0.9580539784897997,0.6272984103090081
16.17,0.957079490467453,0.6321845999814363
16.18,0.955777393460121,0.6371982302029294
16.19,0.9544443689506497,0.6420448850236821
16.2,0.9532784578825072,0.646541957894295
16.21,0.9523912297665351,0.6506048579402239
16.22,0.9518913251183385,0.6541523143133846
16.23,0.9518873838096886,0.6571030563843634
16.24,0.9523493297580145,0.6594229257597479
16.25,0.9527197449279652,0.6612568657122105
16.26,0.9523159182195302,0.6627923729212015
16.27,0.9504551385326993,0.664216944066172
16.28,0.9464911730807402,0.6657136512457483
16.29,0.9406855916878546,0.6673554560390513
16.3,0.9342477193116283,0.6691003635260234
16.31,0.9284313543741444,0.6709009844462265
16.32,0.9244902952974772,0.6727099295392255
16.33,0.9232766701507796,0.6744868364274645
16.34,0.923775612925941,0.6762240042146953
16.35,0.9244302203952081,0.6779232144870875
16.36,0.9236835308409995,0.6795862498540407
16.37,0.9200152397285759,0.6812152388391695
16.38,0.9132000636621282,0.6828245303873857
16.39,0.9046234174222569,0.6844436727401335
16.4,0.8957714516607497,0.6861031647293501
16.41,0.8881303170293826,0.6878335051869746
16.42,0.8829213376865163,0.6896430479918172
16.43,0.8798572824377882,0.6914140007027162
16.44,0.8781175319604005,0.6929839686374365
16.45,0.8768808521912962,0.6941905057087842
16.46,0.8753345212841593,0.6948741641089519
16.47,0.8731214751521705,0.6950359935019336
16.48,0.8705609496240735,0.69491525836178
16.49,0.8680269898175365,0.6947705287754053
16.5,0.8658936408502239,0.6948603748297237
16.51,0.8644883457356726,0.6954002031522192
16.52,0.8638114235932358,0.6963024340739713
16.53,0.8637230798820705,0.6973497128783387
16.54,0.8640829871499869,0.6983241912594365
16.55,0.8647510214875801,0.6990093989015682
16.56,0.8656052644835791,0.6993121172064002
16.57,0.8665561397898629,0.6993580842224761
16.58,0.86751739802085,0.6992955616251956
16.59,0.86840278979096,0.6992728110899573
16.6,0.8691421460740772,0.6994230147457273
16.61,0.8698056371349923,0.6997477498989462
16.62,0.8705358546940135,0.7001806797833899
16.63,0.8714759938367563,0.7006549018199121
16.64,0.8727686610738509,0.7011036288684093
16.65,0.8744534608889261,0.7014802758967384
16.66,0.8763500579696113,0.7017813953491064
16.67,0.8782498298326286,0.7020090877205415
16.68,0.8799441539947006,0.7021654535060715
16.69,0.8812417970179555,0.7022534499505014
16.7,0.8821426601955332,0.7022854514135011
16.71,0.8827649219371114,0.702279659710518
16.72,0.8832285175657454,0.7022543632192636
16.73,0.8836532993673644,0.7022278429196791
16.74,0.8841212197441706,0.7022150032942704
16.75,0.8846164548117086,0.7022220379444365
16.76,0.8851076257020232,0.7022537546794116
16.77,0.88556335354716,0.702314961308431
16.78,0.885953888964018,0.7024100684365021
16.79,0.886272446317116,0.7025378890114345
16.8,0.8865292191508871,0.7026930971257319
16.81,0.8867347992722961,0.7028702697911791
16.82,0.8868997776179842,0.7030639883789833
16.83,0.8870327372553098,0.7032788916088567
16.84,0.887135968034206,0.7035511407111691
16.85,0.8872105301247998,0.7039230563403456
16.86,0.8872574836972182,0.7044369591508107
16.87,0.8872777851958932,0.705131467626616
16.88,0.8872704708155362,0.7059766628311474
16.89,0.8872328842094653,0.7068822157570038
16.9,0.8871623110745475,0.7077557288191133
16.91,0.8870560371184106,0.7085048044941687
16.92,0.8869147617888408,0.7090566369393069
16.93,0.8867522434534504,0.7094133663158857
16.94,0.8865853626492285,0.7095950511217238
16.95,0.8864309999131645,0.7096217498546398
16.96,0.8863053550736846,0.709512133487312
16.97,0.8862075152682672,0.7092499912674194
16.98,0.8861186044618297,0.7087824971348947
16.99,0.8860188956889493,0.7080550905322618
17.0,0.8858886619842036,0.7070132109020443
17.01,0.8857197877391256,0.7056295530599566
17.02,0.8855584675783633,0.7040042943956488
17.03,0.8854667618505744,0.702274853960573
17.04,0.8855067328281243,0.7005786553217076
17.05,0.8857370443725462,0.6990509592468211
17.06,0.8860948743574758,0.6977497110137627
17.07,0.8863654727838505,0.6966361667421189
17.08,0.8863245072771724,0.6956654841852034
17.09,0.8857476454629428,0.6947928210963283
17.1,0.8844718758265909,0.6939718058727199
17.11,0.8826857364745737,0.6931472991847067
17.12,0.8807028191089481,0.692261042837717
17.13,0.878836866584445,0.6912547748673978
17.14,0.877398669020388,0.6900714897590956
17.15,0.8765386841741563,0.688722406718794
17.16,0.8761680780557861,0.6873205685170675
17.17,0.8761784739378751,0.6859873337615822
17.18,0.8764614950930201,0.6848440610600044
17.19,0.8768941124037829,0.6840054093737334
17.2,0.8772497608888742,0.683538697014496
17.21,0.8772572677499125,0.6834908458539509
17.22,0.8766452855417928,0.6839086979084393
17.23,0.8751453808441525,0.6848383728950411
17.24,0.8727545141230852,0.686260207352848
17.25,0.8699437909999908,0.6880370114696136
17.26,0.8672334414804563,0.6900194189728417
17.27,0.8651436955700683,0.6920580635900369
17.28,0.8641191157432857,0.6940197744110191
17.29,0.8639392742930708,0.6959137104888603
17.3,0.8640386113534383,0.6978229006101543
17.31,0.8638486321527364,0.6998310017286855
17.32,0.8628026864633391,0.7020214889770657
17.33,0.860664930138248,0.7044452291307016
17.34,0.8579099979192487,0.7070830553388184
17.35,0.8551045209906608,0.7099067324383105
17.36,0.8528151305368034,0.7128880252660719
17.37,0.8515529582525857,0.7159997794754205
17.38,0.8512145521203517,0.7192268093373198
17.39,0.8513140159979093,0.7225613769730552
17.4,0.8513596826548301,0.725995856892094
17.41,0.8508602945860898,0.7295226391131434
17.42,0.8495186824905734,0.7331414604282838
17.43,0.8475413965513672,0.7368711248001962
17.44,0.8452156437178744,0.7407334892724415
17.45,0.8428286309395011,0.7447504108885749
17.46,0.840657802977315,0.7489384618109363
17.47,0.8388419131887275,0.7532391318976182
17.48,0.8374166028684034,0.7575380900180946
17.49,0.8364150635853049,0.7617196788525682
17.5,0.8358704644768393,0.7656682852279496
17.51,0.8357603785885166,0.7693777125603674
17.52,0.8358870523229881,0.7731868180747048
17.53,0.8360182565404024,0.7775023090216953
17.54,0.8359217621009083,0.7827308926520671
17.55,0.835378119661441,0.7892529622792024
17.56,0.8344065996663863,0.796957380902151
17.57,0.8332380327601037,0.8052974035098298
17.58,0.8321105726138208,0.8137112067864264
17.59,0.8312623727398702,0.8216369676788984
17.6,0.8308528473394283,0.8286430719130023
17.61,0.8307383148523244,0.8347991253593936
17.62,0.8307021742876806,0.8402953185101176
17.63,0.8305278246546187,0.8453218418572113
17.64,0.8300095104200378,0.8500615723400091
17.65,0.8292169144752085,0.8545116470723413
17.66,0.8285104226589791,0.8584731698263707
17.67,0.8282643219571588,0.8617378702405751
17.68,0.8288528993555565,0.8640974779534341
17.69,0.8305186747726279,0.8654075084237233
17.7,0.8328839676231575,0.8658237038563077
17.71,0.8353887913743696,0.8655900571445103
17.72,0.8374731347746274,0.864950573147562
17.73,0.8385890111753637,0.8641468664643662
17.74,0.8386234255534823,0.8633340837065758
17.75,0.8380103570920413,0.8625586435105987
17.76,0.8372185751566538,0.8618600488922087
17.77,0.8367168491129331,0.8612778028671784
17.78,0.8368488530469066,0.860844470142437
17.79,0.8372364887067537,0.8605525829040144
17.8,0.8372433515806147,0.860380346589446
17.81,0.8362327100162716,0.8603059484916916
17.82,0.8335787820790537,0.8603085286455167
17.83,0.8292589574795866,0.8604197094296245
17.84,0.8241558470837375,0.8607498770843497
17.85,0.8192265601100028,0.8614158999985094
17.86,0.8154282057768791,0.8625346465609205
17.87,0.813549615825105,0.8641983258187969
17.88,0.8131826397547617,0.866323741326232
17.89,0.813400377789118,0.8687516792415635
17.9,0.8132738402509991,0.8713226194696115
17.91,0.8118796624792188,0.8738771567731861
17.92,0.8088161999265525,0.8762665389909101
17.93,0.8046191866243698,0.8783611544254186
17.94,0.7999221704179823,0.8800333886532667
17.95,0.7953586991527078,0.8811556272510066
17.96,0.7914926431791218,0.8816317243149185
17.97,0.7882712412324444,0.8816440239218006
17.98,0.7853198652146516,0.881520235202539
17.99,0.782261093848,0.881589328774695
18.0,0.7787189187972744,0.8821794629220747
18.01,0.7745770881836525,0.8834694558576259
18.02,0.7702804832365108,0.8853155172273945
18.03,0.7663471353788909,0.8875318009177469
18.04,0.7632950760338398,0.8899324608150457
18.05,0.7615889067712357,0.892340465547071
18.06,0.7610971392798725,0.8946771253586893
18.07,0.7613152730579621,0.8969252892378009
18.08,0.7617330901349219,0.8990687494279178
18.09,0.7618407675021973,0.9010914085739483
18.1,0.7613227753921126,0.9030314789581245
18.11,0.7603708592200314,0.9050689684860911
18.12,0.759258518362368,0.9074067372633691
18.13,0.758259252195538,0.9102476453954761
18.14,0.7576313250119124,0.9137644974336246
18.15,0.7574147947637363,0.9176996236049092
18.16,0.7574865974828622,0.9214735495619725
18.17,0.7577197441660658,0.9244990577048003
18.18,0.7579872555862986,0.9261890070238009
18.19,0.7581882360265835,0.9261606050269527
18.2,0.7583045531155638,0.9246794599528245
18.21,0.7583344518293341,0.9221394866468854
18.22,0.7582761771439892,0.9189345999546072
18.23,0.7581302262463385,0.9154490662774611
18.24,0.7579395466023989,0.9118852955241804
18.25,0.7577849116128873,0.9082836517477834
18.26,0.7577484181617304,0.9046788292149132
18.27,0.7579121630503132,0.901105522214574
18.28,0.7582889864925099,0.8976171867739727
18.29,0.7586234653815582,0.8943399519522047
18.3,0.7585952326676719,0.891417540243165
18.31,0.7578839213010645,0.8889936741407523
18.32,0.7561846534060763,0.8872054150894094
18.33,0.753589965668807,0.8860189181942609
18.34,0.7506141194747066,0.8852189777561125
18.35,0.7477917327843315,0.884581633822488
18.36,0.7456574235582374,0.8838829264409109
18.37,0.7446000983727811,0.8829506705703585
18.38,0.7443185093141677,0.8818579103796899
18.39,0.7443072798347112,0.8807502220640231
18.4,0.7440610025720202,0.8797731927677153
18.41,0.7430838838705139,0.8790696637864801
18.42,0.7412320861576616,0.8786819513894376
18.43,0.7388067614527852,0.8785252747653901
18.44,0.7361376036403579,0.8785067010299361
18.45,0.7335543066048562,0.8785332972986744
18.46,0.7313402320949677,0.8785242252397134
18.47,0.7295096968598855,0.878468878096264
18.48,0.727980149174998,0.8783819356825764
18.49,0.7266689088808016,0.878278111339579
18.5,0.7254939936480704,0.878171965063989
18.51,0.7244124216753919,0.8780694867097074
18.52,0.7234400674408185,0.8779637328000116
18.53,0.7225976864427172,0.8778466872818957
18.54,0.7219060341794568,0.8777103341023531
18.55,0.7213831883659689,0.8775477526872627
18.56,0.7210280523801348,0.8773598666671902
18.57,0.7208311709239229,0.8771510191997799
18.58,0.7207830540598169,0.8769255676136599
18.59,0.7208741909026672,0.8766878587026162
18.6,0.7210930916334194,0.8764412440283861
18.61,0.7214246906794444,0.8761872768589137
18.62,0.7218535466774938,0.8759273214720676
18.63,0.7223642182643186,0.8756627421457165
18.64,0.7229449323318763,0.8753949258059603
18.65,0.7236166065985411,0.8751254612158382
18.66,0.724417320257888,0.8748560430953187
18.67,0.7253853044570701,0.8745883671025503
18.68,0.7265584710608426,0.8743241277354266
18.69,0.7279145461993011,0.8740648007802886
18.7,0.7293004832788281,0.8738113868028015
18.71,0.7305460727490489,0.8735648239994165
18.72,0.7314811050595872,0.8733260505665857
18.73,0.7319565149687164,0.8730959095894033
18.74,0.732060901868743,0.8728741750895876
18.75,0.7320324193758337,0.8726599483638473
18.76,0.7321115493162736,0.8724523202361332
18.77,0.7325385815348543,0.8722503851726445
18.78,0.7334556715733798,0.8720550994314891
18.79,0.7347472209536132,0.8718723093482907
18.8,0.7362558211267939,0.8717086544741813
18.81,0.737824063544159,0.8715707743602921
18.82,0.7393036091649197,0.871464111006877
18.83,0.7406770783582283,0.8713768143453318
18.84,0.7420255301682149,0.871284036322817
18.85,0.7434324224088915,0.8711606121494673
18.86,0.7449811933889298,0.8709813803344525
18.87,0.7466991387812242,0.870730675071019
18.88,0.748434314179676,0.8704231463211751
18.89,0.7499990823081908,0.870079480960097
18.9,0.7512058058906728,0.8697203658629618
18.91,0.7518790910158766,0.8693656076777847
18.92,0.752076403006157,0.8690182718197068
18.93,0.7520638319067978,0.8686664247922258
18.94,0.7521148458680158,0.8682976026557427
18.95,0.7525029129929126,0.867899341471964
18.96,0.753426373056442,0.8674612574741563
18.97,0.7547907353326923,0.8669810748582585
18.98,0.7564301733170088,0.8664584929827328
18.99,0.7581788605047344,0.8658932112060422
19.0,0.7598747105167689,0.8652848733081439
19.01,0.7614525897191035,0.8646316823450161
19.02,0.7629508086231512,0.8639303041860331
19.03,0.7644127178555623,0.8631773298041349
19.04,0.7658816680429845,0.8623693501722619
19.05,0.7673933489830358,0.8615029923191271
19.06,0.7689469366508086,0.8605750551261375
19.07,0.7705307402093604,0.8595823886194656
19.08,0.7721330670028783,0.8585218428338455
19.09,0.773742347756336,0.8573903340218844
19.1,0.7753515847137241,0.856187231948497
19.11,0.7769595917508877,0.8549150254535081
19.12,0.7785655586345971,0.8535764051155946
19.13,0.7801686751316196,0.8521740615134358
19.14,0.781769402007611,0.8507108137585409
19.15,0.7833756280554696,0.8491902321396179
19.16,0.7849979326829412,0.8476161590402982
19.17,0.7866468990293106,0.8459924372215757
19.18,0.7883327354315507,0.8443229067330109
19.19,0.7900443958924381,0.8426112538638737
19.2,0.791738580704395,0.8408609315703292
19.21,0.7933692948112243,0.839075373309572
19.22,0.7948905431567277,0.8372580125387996
19.23,0.7962751733836134,0.8354123618522893
19.24,0.7976318566846443,0.8335425042869927
19.25,0.7991288218597696,0.8316527730146879
19.26,0.800934551506675,0.8297475022730758
19.27,0.8032159804022988,0.8278310298553915
19.28,0.8059910842431761,0.8259080357321928
19.29,0.8090071538788108,0.8239838216704193
19.3,0.8119828298462459,0.8220637552502981
19.31,0.8146367526825204,0.8201532040520596
19.32,0.8167188074167413,0.8182573926317183
19.33,0.8182592793854102,0.8163802619899952
19.34,0.8194364954424943,0.8145250754554786
19.35,0.8204301196365748,0.8126950902356405
19.36,0.8214194733393151,0.810893574637488
19.37,0.8225176254585205,0.8091259429296723
19.38,0.8236928504511438,0.8074022993700191
19.39,0.8248942913243364,0.8057333678968149
19.4,0.8260710910852482,0.8041298724483487
19.41,0.8271756149427041,0.8026011204746853
19.42,0.8281967181807286,0.8011403782940905
19.43,0.8291463464198003,0.7997307616529727
19.44,0.8300368103274137,0.7983552258221239
19.45,0.8308804131051144,0.7969967738920636
19.46,0.8316854899102264,0.7956638244539982
19.47,0.8324498910516736,0.7944319520219814
19.48,0.8331697550697995,0.7933876950643758
19.49,0.8338412205049466,0.792617592049546
19.5,0.8344605867825747,0.792198976523002
19.51,0.8350264954513996,0.7920751791820407
19.52,0.8355393582586133,0.7920882501286065
19.53,0.8359996306336753,0.7920777402160908
19.54,0.8364077667230706,0.7918832193471468
19.55,0.8367602278334666,0.7914035420672609
19.56,0.8370406491164081,0.790728002323469
19.57,0.8372300954331379,0.7899840570619411
19.58,0.8373096316448995,0.7892991632288483
19.59,0.8372614862948099,0.7887965889004341
19.6,0.8370902217096355,0.7885192079174193
19.61,0.8368205188018438,0.7884374738650616
19.62,0.8364777776102535,0.7885192517115635
19.63,0.836087398171602,0.7887324064268847
19.64,0.8356672291459347,0.7890511781866383
19.65,0.8352055014854569,0.7894748117432411
19.66,0.8346831858165609,0.7900086813367589
19.67,0.8340812527656394,0.7906581612072574
19.68,0.8333818984833297,0.7914281368753561
19.69,0.8325994168263866,0.7923106938104202
19.7,0.8317825351031959,0.7932841859726487
19.71,0.8309816740181835,0.7943262920230147
19.72,0.830247254275777,0.7954146906224902
19.73,0.8295974411468231,0.796536721931522
19.74,0.8288956913766654,0.7977260660964713
19.75,0.827959133592152,0.7990302799673379
19.76,0.8266048878550247,0.8004969229596343
19.77,0.8246551066359656,0.8021707427104932
19.78,0.8221206687842412,0.8039910389975182
19.79,0.8192536919363884,0.8057623232664197
19.8,0.8163220274282024,0.8072803160089279
19.81,0.8135935265954818,0.8083407377167705
19.82,0.811289545218455,0.8087954246614837
19.83,0.8093579575873702,0.8088262796529271
19.84,0.8076469772385988,0.8087354866945426
19.85,0.8060046732497006,0.8088254041380272
19.86,0.8042804055852751,0.8093951778935766
19.87,0.8023978191058984,0.8105590919312408
19.88,0.8003939145074394,0.8121493381569558
19.89,0.79831523775752,0.8139743545569323
19.9,0.7962083348237655,0.815842579117379
19.91,0.7941151262761634,0.8175829412167154
19.92,0.7920439688152594,0.8191730645656494
19.93,0.789988415214786,0.8206561570893777
19.94,0.7879419534002546,0.8220757140030579
19.95,0.7858981162582368,0.8234750222911271
19.96,0.7838548452824062,0.8248769511036727
19.97,0.7818181387345582,0.8262670558195752
19.98,0.7797948537066488,0.8276269142684373
19.99,0.7777918472906367,0.8289381042798595
20.0,0.7758156938536399,0.830183302227589
20.01,0.773870412631252,0.8313551126006387
20.02,0.771958666131374,0.8324514115340282
20.03,0.7700831043627396,0.8334701237290291
20.04,0.7682463789835262,0.8344091728178974
20.05,0.7664514688246493,0.8352662703900661
20.06,0.7647020719266785,0.8360386619104181
20.07,0.7630019819985168,0.8367235308405538
20.08,0.76135499274907,0.8373180606420729
20.09,0.7597648736303086,0.8378198362946345
20.1,0.7582351173257235,0.8382310240472987
20.11,0.7567690404055422,0.8385567053015269
20.12,0.755369956612777,0.8388020082568436
20.13,0.754041179989658,0.8389720604347418
20.14,0.7527861900356078,0.8390716144268802
20.15,0.7516089060697901,0.8391044261831999
20.16,0.7505133196820697,0.8390740878865566
20.17,0.7495034224623123,0.8389841917198055
20.18,0.7485831136266445,0.8388383429902836
20.19,0.7477549365968652,0.8386403396368866
20.2,0.7470204044364345,0.838394125992053
20.21,0.7463810044633304,0.8381036500461442
20.22,0.7458382236200822,0.8377728597949627
20.23,0.7453922824199573,0.8374057215865492
20.24,0.7450393081124891,0.8370062610857613
20.25,0.7447746024923482,0.8365785159193905
20.26,0.7445934673542051,0.8361265237142292
20.27,0.7444911927820336,0.8356542935436765
20.28,0.74446284205071,0.8351652814679476
20.29,0.7445032730078345,0.8346624426679162
20.3,0.744607336079823,0.8341487142298871
20.31,0.7447698816932935,0.8336270332401023
20.32,0.7449880553371185,0.8330996151865968
20.33,0.7452680605096256,0.8325658275983315
20.34,0.7456183350574508,0.8320243354953354
20.35,0.74604731682723,0.831473803897638
20.36,0.7465626581976816,0.8309130323310483
20.37,0.7471512251773067,0.8303443798390374
20.38,0.7477774632275015,0.8297740448238783
20.39,0.7484047049194346,0.8292084162623579
20.4,0.7489962828242743,0.8286538831312639
20.41,0.7495384992982937,0.8281120169097884
20.42,0.7501285229342621,0.8275611368862436
20.43,0.7508969274854482,0.8269725562198181
20.44,0.7519742935025943,0.8263175866440537
20.45,0.7534875082292256,0.8255689711027601
20.46,0.7554232600731675,0.8247537816278714
20.47,0.7575880449474435,0.8239689174640846
20.48,0.7597765084690942,0.8233158700181605
20.49,0.7617832962551565,0.8228961306968618
20.5,0.7634357670641876,0.822782163008807
20.51,0.7647549349750477,0.8228745910533757
20.52,0.7658328113142813,0.8230110397565678
20.53,0.7667615148824025,0.8230290386777126
20.54,0.7676332973250014,0.8227675940327466
20.55,0.7685481686102176,0.8221519506735856
20.56,0.7696180435506275,0.8212396832875463
20.57,0.7709558470697367,0.8200995945803832
20.58,0.7726745040910493,0.8188004872578527
20.59,0.7748557173513215,0.8174160212459981
20.6,0.7773531127341593,0.8160553382751145
20.61,0.7799191286903663,0.8148433217548198
20.62,0.7823057481841147,0.8139049259545633
20.63,0.7842665791113866,0.813363911448679
20.64,0.7857175928278036,0.8132247645949499
20.65,0.7868731698293993,0.8132727566856888
20.66,0.787979726263392,0.8132696252254645
20.67,0.7892836782769992,0.8129771077188455
20.68,0.7910064217299212,0.8121806087072578
20.69,0.7931416375268346,0.8108809314652531
20.7,0.7955614038094196,0.8091939050068694
20.71,0.7981366562808947,0.8072364389945251
20.72,0.800738407884018,0.805125508494796
20.73,0.8032533943674356,0.8029914021799841
20.74,0.8056031162368927,0.800993846487684
20.75,0.8077137294778041,0.7992965099776013
20.76,0.8095113900755816,0.7980630612094434
20.77,0.8109314405056708,0.7974330138125576
20.78,0.8120148312587164,0.7972681960061405
20.79,0.8128700885653749,0.7972527525537668
20.8,0.8136068400919881,0.7970679321072058
20.81,0.8143346509429797,0.7963952097343691
20.82,0.8151270691504464,0.7950464089162165
20.83,0.8159613256820907,0.7931819316183489
20.84,0.8167987223510276,0.7910198285792283
20.85,0.8176005609703711,0.7887781505373184
20.86,0.8183304821658345,0.7866650260939388
20.87,0.8189867366551143,0.784741754609201
20.88,0.8195940222892305,0.7829574365932435
20.89,0.8201777060181676,0.7812583339826099
20.9,0.8207631503255863,0.7795907127547929
20.91,0.821359347871952,0.7779156496361531
20.92,0.8219220548953537,0.7762423874983488
20.93,0.822396224021674,0.7745899438810584
20.94,0.8227268078767954,0.7729773363239582
20.95,0.8228621188021261,0.7714230984280617
20.96,0.8228161357340948,0.7699363050755982
20.97,0.8226626380386322,0.7685174174016495
20.98,0.8224775883425506,0.7671665820609918
20.99,0.8223369492723482,0.7658839457084058
21.0,0.8222933449334727,0.7646698242552797
21.01,0.8223067111554363,0.7635252058108384
21.02,0.8223139769653944,0.7624512453352115
21.03,0.8222520713905026,0.7614490977885275
21.04,0.8220598917579859,0.7605198966847497
21.05,0.8217289685985437,0.7596642020579614
21.06,0.8213079130500545,0.7588819520044305
21.07,0.8208481958663434,0.7581730534626742
21.08,0.8204012878012363,0.75753741337121
21.09,0.820000220182106,0.7569744614709735
21.1,0.8195884627021707,0.7564813097195723
21.11,0.8190823320212037,0.7560543673758654
21.12,0.8183981387378069,0.7556900435418531
21.13,0.8174545083684464,0.7553849109224589
21.14,0.8162590204958424,0.7551418289014796
21.15,0.8149342120333453,0.7549717812785176
21.16,0.813610242911419,0.7548862905970759
21.17,0.81241727306053,0.7548968794006575
21.18,0.8114633066571745,0.75500884216567
21.19,0.8107243439213537,0.7551903665519778
21.2,0.8101276981266895,0.7553959541327895
21.21,0.809600605636227,0.7555800848614577
21.22,0.8090709141889286,0.7556978212302587
21.23,0.8085027112096179,0.7557387560868427
21.24,0.8079160024556531,0.7557457630909912
21.25,0.8073355743937507,0.7557662711183826
21.26,0.8067862134906277,0.7558477090446949
21.27,0.8062901150029215,0.7560313268925486
21.28,0.8058504187253729,0.7563129361074638
21.29,0.8054617608486928,0.7566680709215562
21.3,0.8051187382411499,0.7570721718008697
21.31,0.8048159910378457,0.7575008824085279
21.32,0.8045525656065565,0.7579505397087782
21.33,0.8043356526846448,0.758455729642899
21.34,0.8041733235472274,0.759055173483698
21.35,0.8040736494694216,0.7597875925039829
21.36,0.804042766179574,0.7606803382041905
21.37,0.8040690692013325,0.7616565527252495
21.38,0.8041314265121066,0.7625834115770423
21.39,0.8042086148259252,0.7633275541708716
21.4,0.804279492060383,0.7637560636899142
21.41,0.8043398847115686,0.7638287554257208
21.42,0.8044233580339742,0.7637116843754981
21.43,0.8045685649784905,0.7635987094455426
21.44,0.804814158496008,0.7636836895421512
21.45,0.8051936216794991,0.7641416017133331
21.46,0.8056805550706424,0.7649287141247202
21.47,0.8062100281202704,0.7658605679416146
21.48,0.8067164726977535,0.7667503756922431
21.49,0.8071343658603484,0.7674114823450473
21.5,0.8074252875075063,0.7677366680115544
21.51,0.8076237326915927,0.767832418272382
21.52,0.8077763333298977,0.7678407903871243
21.53,0.8079297213397107,0.7679038416153752
21.54,0.8081269894273299,0.7681575706366445
21.55,0.808358423901051,0.7686475797703667
21.56,0.8085737375293901,0.7693500157311571
21.57,0.8087216038224164,0.7702392461844192
21.58,0.8087507018004366,0.7712896338653955
21.59,0.8086317143468817,0.7724558540553258
21.6,0.8084073258794373,0.773628160307049
21.61,0.8081349248683452,0.7746836500581923
21.62,0.8078718997838462,0.7754994207463839
21.63,0.8076707748331975,0.7759605654573131
21.64,0.8074881257834543,0.7761098928365527
21.65,0.8071926747961938,0.7761346211787156
21.66,0.8066499026805968,0.7762272967619339
21.67,0.8057252902458453,0.776580465864338
21.68,0.8043390076373035,0.7773358520270839
21.69,0.8026297833471512,0.778432072771956
21.7,0.8007909357500456,0.7797570153059787
21.71,0.7990157832206405,0.7811985668361778
21.72,0.7974921150930763,0.7826471526231497
21.73,0.7962583185178415,0.7840617795819147
21.74,0.7951898708409216,0.7854762368270642
21.75,0.7941540124974732,0.7869280945489312
21.76,0.7930179839226533,0.7884549229378465
21.77,0.7916903294070247,0.7900808120091218
21.78,0.7902814757431127,0.7917639641888133
21.79,0.7889634347770048,0.7934424826339744
21.8,0.7879082333885741,0.7950544655951434
21.81,0.7872835807416696,0.7965406563481271
21.82,0.7870892225280894,0.7979446922973747
21.83,0.7871066489813245,0.7994439137586233
21.84,0.787102757418255,0.8012246006427558
21.85,0.7868444451557605,0.8034730328606533
21.86,0.7861366321543666,0.8063191580857539
21.87,0.7850122403187637,0.8095551289718852
21.88,0.7835887925154634,0.812847758085696
21.89,0.7819839509719009,0.8158636515244325
21.9,0.7803153322952725,0.8182731084747111
21.91,0.7786978081603936,0.819968638277677
21.92,0.7772419911531147,0.8211875357505902
21.93,0.7760581269661735,0.8221967967612345
21.94,0.7752564612923061,0.8232634171773936
21.95,0.7749177601260427,0.824613443215692
21.96,0.7749045451601072,0.8261697623574383
21.97,0.7749813750192489,0.8277191835721559
21.98,0.7749123431153364,0.8290478696115879
21.99,0.7744627695663463,0.829943162422288
22.0,0.7735253201288473,0.830314817392321
22.01,0.7722293845229558,0.8303001453673686
22.02,0.7707301273059342,0.8300612337504754
22.03,0.7691827130350442,0.8297601699446854
22.04,0.7677351642345212,0.8295410237640332
22.05,0.7664695802243566,0.829381557026541
22.06,0.7654324538153511,0.8291697051035839
22.07,0.7646699301241788,0.8287925262199568
22.08,0.764227888541632,0.8281374047751724
22.09,0.7640951898107369,0.827161714742428
22.1,0.7641331406058849,0.8259794008877342
22.11,0.7641857362045846,0.824725657468895
22.12,0.7640969718843446,0.8235356787437129
22.13,0.7637245271888907,0.8225349781464063
22.14,0.7630857892622771,0.8217360852595524
22.15,0.7623014813974424,0.8210784253420125
22.16,0.761494062639198,0.8205001957090057
22.17,0.7607859348131167,0.8199396261169282
22.18,0.7602637201092654,0.8193552320416635
22.19,0.7599172019300297,0.8187604329416154
22.2,0.7597199405473078,0.8181778461853869
22.21,0.7596454962329969,0.8176300891415801
22.22,0.7596672720743419,0.8171389805821602
22.23,0.7597563064707351,0.8167143251814647
22.24,0.7598818109423969,0.8163566459216618
22.25,0.7600129496366843,0.8160662251010542
22.26,0.7601188896422449,0.8158433449232756
22.27,0.7601816315231783,0.8156878745306924
22.28,0.7602254297506597,0.8155983230714505
22.29,0.7602832223202566,0.815572920203733
22.3,0.760387947227537,0.8156098955857222
22.31,0.7605715109375016,0.8157074270376129
22.32,0.7608452848232421,0.8158626604200402
22.33,0.7612017351178024,0.8160717915448084
22.34,0.7616326232131323,0.8163309808030138
22.35,0.7621297105011813,0.8166363885857533
22.36,0.7626859644306395,0.8169842934011795
22.37,0.7632992024953735,0.8173714487542191
22.38,0.7639684611896026,0.8177947275345084
22.39,0.764692777007554,0.8182510026316843
22.4,0.7654711497424954,0.8187371489084286
22.41,0.7663015770120065,0.8192500951044338
22.42,0.7671809576911759,0.8197868290278373
22.43,0.7681061345895219,0.8203443415008638
22.44,0.7690739505165642,0.8209196233457389
22.45,0.7700813276152686,0.8215096427729769
22.46,0.7711255782393248,0.8221112567747852
22.47,0.7722041345141513,0.8227212882058946
22.48,0.7733144285970496,0.8233365599119497
22.49,0.7744538911623354,0.8239539011860912
22.5,0.7756198944783368,0.8245703952503658
22.51,0.7768097345022451,0.8251834571010577
22.52,0.7780207020467804,0.8257905241008242
22.53,0.7792500879246639,0.8263890336123233
22.54,0.7804951886259551,0.8269761777814196
22.55,0.7817533349048388,0.827547668811251
22.56,0.783021870305929,0.828098666458144
22.57,0.7842981383957965,0.8286243295301414
22.58,0.7855794827751426,0.8291198682543381
22.59,0.7868632491295477,0.8295836336631605
22.6,0.788146786397577,0.8300188773156328
22.61,0.7894274438001418,0.8304292761167531
22.62,0.7907025705581546,0.8308185069715203
22.63,0.7919695157436968,0.8311872942071165
22.64,0.7932256273196353,0.8315143567961973
22.65,0.794468252748029,0.8317684783998668
22.66,0.7956947394884974,0.8319183942408948
22.67,0.7969024352267541,0.8319330224621955
22.68,0.7980887115783825,0.8318006413967024
22.69,0.7992509848961342,0.8315457234753914
22.7,0.8003866764382171,0.8311967098345003
22.71,0.8014932074628411,0.8307820416102671
22.72,0.8025679848761047,0.8303285082147878
22.73,0.8036082821706825,0.8298475450675813
22.74,0.8046113003693914,0.829342247335954
22.75,0.8055742397737679,0.8288156271778311
22.76,0.8064943018119837,0.8282706711556195
22.77,0.8073689362343455,0.8277047243222618
22.78,0.808196151557654,0.8271024373872163
22.79,0.8089740326415458,0.8264467266642663
22.8,0.8097006643456583,0.8257205084671945
22.81,0.8103739757744126,0.824911849129061
22.82,0.8109900644049894,0.8240693774210721
22.83,0.8115438359840078,0.8232811264794512
22.84,0.8120301759401315,0.8226358012501139
22.85,0.8124439768365026,0.8222220234977531
22.86,0.8127847857427677,0.8220741478745759
22.87,0.8130648233257348,0.8220787669613313
22.88,0.8132984471276195,0.822097559406861
22.89,0.8135000146906375,0.8219922038600064
22.9,0.8136818208032459,0.8216325852324429
22.91,0.8138248702522057,0.8210130695945508
22.92,0.8138858614374596,0.8202247212279979
22.93,0.8138208547159187,0.8193611427439971
22.94,0.8135859148049721,0.8185159319812091
22.95,0.8131579581666164,0.8177598645056577
22.96,0.8125829803445931,0.8170881087019592
22.97,0.8119212628055398,0.8164801969859733
22.98,0.8112330870160936,0.8159156617735586
22.99,0.8105766068204195,0.8153748300833112
23.0,0.8099672278718475,0.8148539940920406
23.01,0.8093807861658522,0.8143642240487006
23.02,0.8087916269719325,0.8139171469433754
23.03,0.8081740955595867,0.8135243897661477
23.04,0.8075085909740611,0.8131951660570538
23.05,0.8068000095316149,0.8129289230644194
23.06,0.8060594432283182,0.8127226380138346
23.07,0.8052979840605923,0.8125732881307491
23.08,0.804526404764384,0.8124779997068213
23.09,0.8037466677547115,0.8124380126689368
23.1,0.8029510235094166,0.8124591015536989
23.11,0.8021312223858298,0.8125472744094495
23.12,0.8012790147412804,0.81270853928453
23.13,0.8003914706995239,0.8129426029639221
23.14,0.7994919916393503,0.8132179828608683
23.15,0.7986121110507937,0.8134935639027986
23.16,0.7977833647777663,0.8137282282289721
23.17,0.7970358360097536,0.8138817600529346
23.18,0.7963416819410577,0.8139499146696845
23.19,0.7955969596804745,0.8139757042640791
23.2,0.7946925538047718,0.8140053530775028
23.21,0.7935193488907163,0.8140850853513398
23.22,0.7919984428134158,0.8142535458011763
23.23,0.7902344579198801,0.8145033388707325
23.24,0.7884009366731236,0.8148097792066527
23.25,0.7866715447267224,0.8151481505511085
23.26,0.7852182973288615,0.815493896461282
23.27,0.7841108578235081,0.8158323716172559
23.28,0.7832583005743037,0.8161644811388682
23.29,0.7825556561612041,0.8164924900587708
23.3,0.7818979551641644,0.8168186634096163
23.31,0.7811916098125078,0.8171445929589458
23.32,0.7804284295135758,0.817466818926969
23.33,0.7796390054820901,0.8177795874518162
23.34,0.7788541229871512,0.818077133192611
23.35,0.7781044438617658,0.8183537062052595
23.36,0.7774073079420075,0.8186052182630517
23.37,0.7767550072761996,0.8188307054715022
23.38,0.7761370680405932,0.8190295489367831
23.39,0.775543016411439,0.8192011297650671
23.4,0.7749638022610859,0.8193440353974905
23.41,0.7744037037501921,0.8194494231807821
23.42,0.7738742801417516,0.8195043914800157
23.43,0.7733871645493421,0.819495997490927
23.44,0.7729539279378819,0.8194113698365916
23.45,0.772572066217822,0.8192538135746814
23.46,0.7722072183048743,0.8190632469491961
23.47,0.7718206414529735,0.8188846240400756
23.48,0.771373592916054,0.8187628989272602
23.49,0.7708319978423154,0.8187378045248986
23.5,0.7702170927039493,0.8187872065375645
23.51,0.7695863022549756,0.8188484930993384
23.52,0.7689976774199637,0.8188583519556318
23.53,0.7685092358227352,0.8187535073479091
23.54,0.7681563115924976,0.8184955435612018
23.55,0.7679121017001811,0.8181141442844506
23.56,0.7677392587108772,0.8176505493796205
23.57,0.7676004351896776,0.817145998708675
23.58,0.7674599090029045,0.8166399927906535
23.59,0.7673068178162957,0.8161454280201199
23.6,0.7671497166668656,0.8156544209714257
23.61,0.7669976765333993,0.8151585360753243
23.62,0.7668597679902738,0.8146493384112019
23.63,0.7667429352123698,0.814121803603234
23.64,0.7666470342334754,0.8135822759872225
23.65,0.7665704459738009,0.8130394658424024
23.66,0.7665115513535573,0.8125020834480086
23.67,0.7664686418002424,0.8119783762499558
23.68,0.7664381939171662,0.811467205889667
23.69,0.7664149952667237,0.8109586987228444
23.7,0.7663937691159443,0.8104426485860795
23.71,0.7663692387318574,0.8099088493159634
23.72,0.7663374079662086,0.809356672938447
23.73,0.7662994951759062,0.8088244935987958
23.74,0.7662580457988001,0.8083606114021864
23.75,0.7662156052730134,0.8080133264558432
23.76,0.7661746834825014,0.8078287410229473
23.77,0.7661367987072287,0.8077916596051847
23.78,0.7661023701838701,0.8078189473916982
23.79,0.766071760035763,0.8078239390092706
23.8,0.766045330386245,0.8077199690846837
23.81,0.7660229813429918,0.8074409929446628
23.82,0.7660023117138915,0.8070236776123129
23.83,0.7659802051855652,0.8065366074293132
23.84,0.7659535452201224,0.8060483767577593
23.85,0.765919320165438,0.8056267024502706
23.86,0.7658787533199106,0.8053038703436239
23.87,0.7658386622333844,0.8050653628915423
23.88,0.7658062478225259,0.8048934551723842
23.89,0.7657887110040021,0.8047704222645088
23.9,0.7657892447135811,0.8046825708982798
23.91,0.7657865385434188,0.8046408558642437
23.92,0.7657500248469411,0.8046655438648637
23.93,0.7656491187586775,0.804776918923193
23.94,0.7654536247815518,0.8049948076912518
23.95,0.7651578662904066,0.8053102357628371
23.96,0.7647948514114108,0.8056687877433127
23.97,0.7644009968168836,0.8060120443941275
23.98,0.7640127191791429,0.8062815864767315
23.99,0.7636619189887528,0.8064294122026616
24.0,0.7633463833178618,0.806486209006552
24.01,0.7630483166742486,0.8065186085332945
24.02,0.7627498435649305,0.8065934269650699
24.03,0.7624331601880561,0.8067771956371492
24.04,0.7620883540225666,0.8071050918397841
24.05,0.7617204343525941,0.8075530047750168
24.06,0.7613360697817437,0.8080902307509331
24.07,0.7609419289136199,0.8086860660756192
24.08,0.7605438968231502,0.809312153544912
24.09,0.760140471191752,0.8099622594950889
24.1,0.759726091093528,0.8106423048556473
24.11,0.7592951536583163,0.8113583361694855
24.12,0.758842085335733,0.8121163881408223
24.13,0.7583681376551319,0.8129197396570385
24.14,0.7578901004824917,0.8137653955675047
24.15,0.757426915131049,0.8146494920145861
24.16,0.756997522914039,0.8155681651406496
24.17,0.75661676140465,0.8165176886398315
24.18,0.756250470031473,0.8174959785572705
24.19,0.7558322519281733,0.8185020314547604
24.2,0.7552951441855625,0.8195348628670779
24.21,0.7545722405782197,0.8205934877925198
24.22,0.7536369805808694,0.821676539378535
24.23,0.7525739912248178,0.8227815984407916
24.24,0.7514868891413102,0.8239060660683739
24.25,0.7504792909615897,0.8250473433503678
24.26,0.7496490828988579,0.826202955264253
24.27,0.7490057685689644,0.8273723375692448
24.28,0.7484894392341814,0.8285564266803612
24.29,0.7480383193515694,0.8297561993718904
24.3,0.7475906360710707,0.830972631985678
24.31,0.7471002397409511,0.8322041919663887
24.32,0.746573382062751,0.833440931733501
24.33,0.7460272887588624,0.8346711414111287
24.34,0.7454791855516756,0.8358831111233876
24.35,0.74494578664663,0.8370662716608148
24.36,0.7444333362685365,0.8382334015354735
24.37,0.743938281209013,0.839419127221706
24.38,0.7434566914381041,0.8406589154938976
24.39,0.7429846369258537,0.8419882331264353
24.4,0.7425191017321711,0.8434139125725862
24.41,0.7420608153946082,0.8448254573296325
24.42,0.7416114666400248,0.8460823238111981
24.43,0.7411727441957651,0.8470439684157353
24.44,0.7407463162422846,0.8475756603370601
24.45,0.740333271776443,0.847706522084337
24.46,0.7399340543556296,0.8476482735286076
24.47,0.7395490736904211,0.8476222099374947
24.48,0.7391787394913933,0.8478496265786218
24.49,0.7388236103624802,0.848503594562416
24.5,0.7384849912373519,0.8495154608335715
24.51,0.738164420400899,0.8507409936398067
24.52,0.7378634362172791,0.8520359355556208
24.53,0.7375835652856273,0.8532578358226792
24.54,0.737325853170949,0.8543381125239692
24.55,0.7370907065094955,0.8553062992895626
24.56,0.7368784877937978,0.8561987085729534
24.57,0.7366895595163877,0.8570516528276366
24.58,0.7365246733651148,0.857896518167696
24.59,0.7363869758537155,0.8587343775853024
24.6,0.7362805236853652,0.859554783116714
24.61,0.7362093753238625,0.8603472645126601
24.62,0.7361775055317957,0.8611014230625443
24.63,0.7361835366193357,0.861811434748889
24.64,0.7362175988358345,0.8624787336425042
24.65,0.7362690685619991,0.8631053981389744
24.66,0.7363273221785368,0.8636935066338854
24.67,0.7363856963707802,0.8642448883082711
24.68,0.7364676441644056,0.8647594771782834
24.69,0.7366104556129356,0.8652363365218337
24.7,0.7368514936371767,0.8656745250314312
24.71,0.7372278427722359,0.8660731000641939
24.72,0.7377453295639232,0.866430969035481
24.73,0.7383503361966615,0.8667467542114041
24.74,0.7389825881454314,0.8670190459264397
24.75,0.7395818108852147,0.8672464345150644
24.76,0.7400937331963485,0.8674278202186088
24.77,0.7405210887429661,0.8675650460246372
24.78,0.7408981074551069,0.8676615808431221
24.79,0.7412593508703982,0.8677209107025151
24.8,0.7416393343673492,0.867746500191792
24.81,0.7420615254622556,0.8677366825111117
24.82,0.7425240917360773,0.8676780398265648
24.83,0.7430216743517881,0.8675555163926293
24.84,0.7435489144723625,0.8673540564637832
24.85,0.7440998993120669,0.8670621987236629
24.86,0.7446620513273505,0.8667117277368156
24.87,0.7452183837716084,0.8663630382402023
24.88,0.7457518313382889,0.8660770347258456
24.89,0.7462453561387271,0.8659145737244774
24.9,0.7467023284782611,0.8659008123208276
24.91,0.7471827013195578,0.8659619292422264
24.92,0.747756153516237,0.8660070900046023
24.93,0.7484923639219188,0.8659454601238841
24.94,0.7494544896981278,0.8656912782585232
24.95,0.7506042574765873,0.8652376846045418
24.96,0.7518232970981386,0.8646401256474727
24.97,0.7529910581804267,0.8639557438411407
24.98,0.7539869965032576,0.8632416794165162
24.99,0.7547301624082562,0.8625407897990847
25.0,0.7552732334330605,0.8618477295510983
25.01,0.7556970480559133,0.8611469948388466
25.02,0.7560824447550577,0.8604230818286192
25.03,0.7565076008119367,0.8596611864338424
25.04,0.7569957119300519,0.8588609616730184
25.05,0.7575182436034421,0.8580356627401728
25.06,0.7580446511605664,0.8571990733913722
25.07,0.7585443899298844,0.8563649773826822
25.08,0.75899713011758,0.8555406811694145
25.09,0.7594246596808887,0.8547067841480156
25.1,0.7598596202012458,0.8538370033821127
25.11,0.7603346532709664,0.8529050559284335
25.12,0.7608808968263188,0.8518867839231422
25.13,0.7614866474998767,0.8508185760440817
25.14,0.7620921992945617,0.8498046618834991
25.15,0.7626353061030213,0.8489528609078832
25.16,0.7630537218179034,0.8483709925837212
25.17,0.7632994102140191,0.8481301158646108
25.18,0.7633960131333429,0.84811586082574
25.19,0.7633897218967731,0.8481555227580171
25.2,0.7633267360939667,0.8480763755613343
25.21,0.7632526755111309,0.8477085562186194
25.22,0.7631891524640394,0.8470007511648582
25.23,0.7631257160758432,0.8460599756322079
25.24,0.7630496821198742,0.8450042731866118
25.25,0.7629483663694638,0.8439516873940116
25.26,0.7628107340416013,0.843004975545838
25.27,0.7626359657034757,0.8421722238323155
25.28,0.7624271477265724,0.8414253212711154
25.29,0.7621873743344113,0.840736084110924
25.3,0.7619197161056721,0.8400765490837797
25.31,0.76162570799038,0.8394330723487835
25.32,0.7613044349226423,0.8388148559686411
25.33,0.7609547627089992,0.8382331453263735
25.34,0.7605755571559899,0.8376991858050011
25.35,0.7601657771942146,0.8372231645340669
25.36,0.759725094705125,0.8368071667334832
25.37,0.7592535110470311,0.8364495334776445
25.38,0.7587510293574518,0.8361485856221879
25.39,0.7582176518884326,0.8359026505917988
25.4,0.7576532794542734,0.8357108083469227
25.41,0.7570576188580165,0.8355735781584496
25.42,0.7564303550245554,0.8354916416045958
25.43,0.755771172878784,0.8354656802635777
25.44,0.7550797660570667,0.8354963321409518
25.45,0.754355911507185,0.8355838185388207
25.46,0.7535994324694483,0.8357281292153154
25.47,0.7528101526806196,0.8359292514454272
25.48,0.7519878955479214,0.836187172940153
25.49,0.7511324033543593,0.8365019887436129
25.5,0.7502432315134671,0.8368740411415545
25.51,0.749319909218518,0.8373037071110021
25.52,0.7483619656627841,0.8377913636289795
25.53,0.7473689755272762,0.8383373412981404
25.54,0.7463410649765441,0.838941408488258
25.55,0.7452787270493639,0.8396029595438841
25.56,0.7441824614166442,0.8403213820481668
25.57,0.7430527682352329,0.8410960630827164
25.58,0.7418905262331698,0.8419259990063199
25.59,0.7406976701009693,0.8428090963202959
25.6,0.7394763172039029,0.8437430729875903
25.61,0.7382285849072423,0.8447256469711479
25.62,0.7369565877141481,0.8457545469610532
25.63,0.7356623952393994,0.8468276698882892
25.64,0.7343480414562678,0.8479430462675958
25.65,0.7330155593561944,0.8490987102936032
25.66,0.7316669819110363,0.8502926961567256
25.67,0.7303042021748238,0.8515230079086115
25.68,0.7289286380624792,0.852787547254368
25.69,0.7275416067259444,0.8540841941944243
25.7,0.7261444253171635,0.8554108287292077
25.71,0.7247384807958845,0.8567653378756143
25.72,0.7233266159633993,0.8581457549789385
25.73,0.7219130508353846,0.8595502518099658
25.74,0.7205020594946958,0.8609770055738372
25.75,0.7190979160241865,0.8624241934756954
25.76,0.7177031100618894,0.8638898267817144
25.77,0.7163127275424889,0.8653712282734051
25.78,0.7149199345356181,0.8668655422003235
25.79,0.7135178971075564,0.8683699128117122
25.8,0.7121004295808432,0.8698815443936868
25.81,0.7106800155172284,0.8713993702441488
25.82,0.7092901710525613,0.8729242715480121
25.83,0.7079655353520714,0.8744572334971601
25.84,0.7067407475809859,0.8759992412834782
25.85,0.705630301028226,0.8775493825763355
25.86,0.7045464247274544,0.8790971128641109
25.87,0.7033689776889271,0.8806288387309185
25.88,0.7019778061371936,0.8821309655565956
25.89,0.700255823450834,0.8835903978772522
25.9,0.6982145649834629,0.885014972488861
25.91,0.6960382931121112,0.8864406362124461
25.92,0.6939233994492194,0.887905309810944
25.93,0.6920662756072282,0.8894469140472913
25.94,0.6906302747197768,0.8910833022849997
25.95,0.6895728064112407,0.8927072388759236
25.96,0.6887720662351221,0.8941633739590948
25.97,0.6881060843409516,0.8952962572080349
25.98,0.6874537570176249,0.8959525949417588
25.99,0.6867511171700569,0.8961213609135898
26.0,0.6860258664109138,0.8960197795638425
26.01,0.6853139664876907,0.8958856426724974
26.02,0.6846513791478828,0.8959567420195351
26.03,0.6840703069259374,0.8964400629593895
26.04,0.6835739773806815,0.8973051434291359
26.05,0.6831521498294095,0.8984111502922136
26.06,0.6827945090296492,0.899616639401214
26.07,0.6824908006951679,0.9007804930976875
26.08,0.6822378963332394,0.9017997603300845
26.09,0.6820463743825123,0.902644906019577
26.1,0.681928369795789,0.9032947319643181
26.11,0.6818960175258724,0.9037280399624603
26.12,0.6819606280542989,0.9039306514557723
26.13,0.6821255706630489,0.9039560001765453
26.14,0.6823897770146505,0.9038953022617973
26.15,0.6827521303038795,0.9038401865085834
26.16,0.683211473445429,0.9038821165843252
26.17,0.6837564468478202,0.9040707306199619
26.18,0.6843520511273506,0.9043587545784276
26.19,0.6849599478510415,0.9046852258715318
26.2,0.6855417985859135,0.9049891819110838
26.21,0.6860681118796789,0.9052123930935022
26.22,0.686617481200837,0.9053300191075865
26.23,0.6873408031951663,0.9053395553380745
26.24,0.6883903005178404,0.9052389067968301
26.25,0.6899180844964747,0.905025997840228
26.26,0.6919854143598972,0.904714539476872
26.27,0.6943985961971729,0.9043625439104488
26.28,0.6969195474391617,0.9040357364114802
26.29,0.6993101855167199,0.9037998422504879
26.3,0.701345180096793,0.9037150758492316
26.31,0.7030008910606247,0.9037544916788348
26.32,0.7044146990206145,0.9038215594810508
26.33,0.7057284733973345,0.9038178091697617
26.34,0.7070840791563129,0.9036447744190806
26.35,0.708587832727052,0.903233993234297
26.36,0.7102245832110168,0.9026195267157465
26.37,0.7119532578269405,0.9018573150294368
26.38,0.7137327837935549,0.9010032983413767
26.39,0.7155232316148107,0.9001117328551013
26.4,0.7173087403672491,0.8992014238014662
26.41,0.7190963418793588,0.8982574573230554
26.42,0.7208939759157607,0.897263582249285
26.43,0.7227095822410755,0.8962035474095708
26.44,0.7245490015789846,0.8950647214897341
26.45,0.7264093110859924,0.8938495861989566
26.46,0.728285301192111,0.8925645667719526
26.47,0.7301717623209765,0.8912160884544305
26.48,0.7320635396956912,0.8898105336232752
26.49,0.7339570738451154,0.8883530366709441
26.5,0.7358506123623251,0.8868473183499125
26.51,0.7377425001979001,0.8852970232513002
26.52,0.7396310823024204,0.8837057959662277
26.53,0.7415145628908679,0.8820774075431667
26.54,0.7433904272507237,0.8804162750197269
26.55,0.7452559317033715,0.878727021169996
26.56,0.7471083324729773,0.8770142688554168
26.57,0.7489448969758747,0.8752826302573229
26.58,0.750763368006943,0.8735362639278198
26.59,0.7525621302655348,0.8717787158826789
26.6,0.7543396138928951,0.8700134887748171
26.61,0.7560942490302692,0.8682440852571517
26.62,0.7578244878997417,0.8664739792609625
26.63,0.7595289212581667,0.8647064645185139
26.64,0.761206193467692,0.86294476503502
26.65,0.7628549490066515,0.8611921046645645
26.66,0.7644738332213843,0.8594517076872356
26.67,0.7660615496247838,0.8577268269307156
26.68,0.7676168955734908,0.8560207612803051
26.69,0.7691386769434044,0.8543368138024733
26.7,0.7706256996104223,0.8526782875636912
26.71,0.7720767023724088,0.8510484831756133
26.72,0.7734899035049351,0.8494506822006527
26.73,0.7748632779245598,0.8478881572951558
26.74,0.7761947991670887,0.8463641810649402
26.75,0.777482449172153,0.8448820263045613
26.76,0.7787252125624774,0.8434449883275462
26.77,0.7799240137401899,0.8420564060123685
26.78,0.7810799989213953,0.8407196232191569
26.79,0.7821943143221962,0.8394379838080419
26.8,0.7832673752275193,0.8382148173526582
26.81,0.7842925061937697,0.8370533148340472
26.82,0.7852590469402332,0.8359565893471868
26.83,0.7861562928678894,0.8349277531208285
26.84,0.7869735878925198,0.8339699192956356
26.85,0.7877129238699908,0.8330864387505986
26.86,0.7884057713246914,0.8322812164635772
26.87,0.7890877922256108,0.831558236197356
26.88,0.7897946485417369,0.8309214817147207
26.89,0.7905573489835004,0.8303747393192218
26.9,0.7913496137472078,0.829919364298383
26.91,0.7921066270702276,0.8295550766811545
26.92,0.7927628562747476,0.8292815660744678
26.93,0.7932528004498586,0.8290985211192001
26.94,0.7935381395256422,0.8290048038674059
26.95,0.7936572922445045,0.8289969426889504
26.96,0.7936621237474081,0.8290710570390974
26.97,0.7936044991753152,0.8292232663731111
26.98,0.7935341417023142,0.8294497159443152
26.99,0.7934666101192464,0.8297469624852245
27.0,0.7933900383380024,0.8301118930362934
27.01,0.7932917866384637,0.8305414039556757
27.02,0.7931592156731568,0.8310323915972431
27.03,0.7929830224269423,0.8315817139789482
27.04,0.7927653748157624,0.8321860973127214
27.05,0.7925109041363686,0.8328422395051687
27.06,0.7922242416855123,0.8335468384628961
27.07,0.7919099141338994,0.8342965912396639
27.08,0.7915702246526378,0.8350881767646537
27.09,0.7912053500137147,0.8359182566339741
27.1,0.790815381795306,0.8367834917492851
27.11,0.7904004115755876,0.8376805430122474
27.12,0.7899607376082179,0.8386060589909329
27.13,0.7894975264340127,0.8395566364374104
27.14,0.7890121725795562,0.8405288584984457
27.15,0.7885060705723845,0.8415193083207467
27.16,0.7879806096961554,0.8425245693221207
27.17,0.7874370249117387,0.8435412328985722
27.18,0.7868763754184184,0.844565899532649
27.19,0.7862997108610835,0.8455951702008442
27.2,0.7857080808846238,0.8466256458796491
27.21,0.7851025471755584,0.847653926577729
27.22,0.784484233323366,0.8486766073283902
27.23,0.7838542827539055,0.8496902815706224
27.24,0.7832138389020716,0.8506915427426865
27.25,0.7825640449755826,0.8516769844238053
27.26,0.7819060344083024,0.8526432062577637
27.27,0.7812409273637133,0.8535868161224627
27.28,0.7805698430582491,0.8545044224834372
27.29,0.7798939007083441,0.8553926338062205
27.3,0.7792142201880483,0.8562480542516299
27.31,0.7785319255241472,0.8570672607969392
27.32,0.7778481423599234,0.8578468198379251
27.33,0.7771639963422954,0.8585832977465688
27.34,0.7764806131132694,0.8592732617994546
27.35,0.7757991179804828,0.8599133408596155
27.36,0.7751206357090895,0.8605002637081584
27.37,0.7744462910146289,0.8610307682644474
27.38,0.7737772086126412,0.8615015924478459
27.39,0.773114512819707,0.8619099152394549
27.4,0.772459324835495,0.8622563614651988
27.41,0.7718127643939542,0.8625431763498073
27.42,0.7711759512205134,0.8627726145379669
27.43,0.7705500050810778,0.8629469302765087
27.44,0.7699360506714916,0.8630683293540463
27.45,0.7693352222797043,0.8631389232748214
27.46,0.7687486552981722,0.8631608126864571
27.47,0.7681774851193528,0.8631360982365763
27.48,0.767622818821143,0.8630669081927955
27.49,0.7670854868291604,0.8629556406886423
27.5,0.7665661632153953,0.8628048463758644
27.51,0.7660655202813805,0.8626170776332387
27.52,0.7655842294015425,0.8623948868375721
27.53,0.7651227130857376,0.8621408258370654
27.54,0.7646808103923691,0.8618574452406249
27.55,0.7642582768707886,0.8615472954797766
27.56,0.7638548680703487,0.8612129269860481
27.57,0.7634703413859822,0.8608568891169881
27.58,0.7631044771103527,0.8604817179055384
27.59,0.7627570710241507,0.8600899403718727
27.6,0.762427919200328,0.8596840833660943
27.61,0.7621168177093962,0.8592666737579435
27.62,0.7618235604309026,0.8588402560503264
27.63,0.7615479350211581,0.8584074248315983
27.64,0.7612897280390243,0.8579707835225275
27.65,0.7610487260433633,0.8575329355438832
27.66,0.760824715738734,0.8570964083464068
27.67,0.7606174861733135,0.856662507364086
27.68,0.7604268282868866,0.8562315517020315
27.69,0.7602525330732314,0.8558038323123432
27.7,0.7600943915261107,0.8553796401453168
27.71,0.7599521944901447,0.8549592479322914
27.72,0.7598257322939821,0.8545428653747992
27.73,0.7597147951547689,0.8541306885535371
27.74,0.7596191732896515,0.8537229135492028
27.75,0.7595386570675284,0.8533197370411909
27.76,0.7594730401130365,0.8529213685535422
27.77,0.7594221191813385,0.8525280299609469
27.78,0.7593856911542936,0.8521399436379448
27.79,0.7593635529137615,0.8517573319590767
27.8,0.759355498607638,0.8513804162388772
27.81,0.75936131082584,0.8510094133106512
27.82,0.7593807691045122,0.8506445388237025
27.83,0.7594136529797806,0.850286008427328
27.84,0.7594597430643952,0.8499340378295497
27.85,0.7595188520023604,0.8495888444855536
27.86,0.7595908291179505,0.8492506478512748
27.87,0.7596755257472234,0.8489196674923816
27.88,0.7597727932262376,0.8485961229745426
27.89,0.7598824497085338,0.8482802330789164
27.9,0.7600041416825165,0.8479722125281115
27.91,0.7601374602893467,0.8476722747362022
27.92,0.7602819966431883,0.8473806331166246
27.93,0.7604373508951751,0.8470975012946721
27.94,0.7606035170523471,0.8468231021289636
27.95,0.7607810268248186,0.8465576710837113
27.96,0.7609704506060438,0.8463014445299963
27.97,0.7611723587894769,0.8460546588389004
27.98,0.7613869536971087,0.8458175397933905
27.99,0.7616120981961844,0.8455902458785949
28.0,0.761844739048056,0.8453729092265149
28.01,0.7620818208781375,0.8451656619077084
28.02,0.7623203616395571,0.844968634681915
28.03,0.7625624517785335,0.8447818676321132
28.04,0.7628184575181788,0.8446052529020677
28.05,0.7630995075881777,0.8444386690048445
28.06,0.7634167307182143,0.8442819944535102
28.07,0.7637771048165283,0.8441351358783707
28.08,0.7641549586149897,0.8439982210719217
28.09,0.764509178461835,0.8438714824317886
28.1,0.7647985587477175,0.8437551529785082
28.11,0.7649821499047829,0.8436494627083244
28.12,0.7650508436155319,0.8435542655172088
28.13,0.7650578401686908,0.8434686793286594
28.14,0.765063564487538,0.8433917367307371
28.15,0.7651284414953516,0.843322470311503
28.16,0.7653070020318182,0.8432601827449278
28.17,0.7655957730406906,0.843206834630468
28.18,0.7659583141877807,0.843165897234525
28.19,0.7663578051224113,0.8431408592370807
28.2,0.7667574676384484,0.8431352024389633
28.21,0.7671321762077088,0.8431505066020882
28.22,0.7674842857186313,0.8431838659253107
28.23,0.7678201103868675,0.8432317283359203
28.24,0.7681459644280692,0.8432905417612065
28.25,0.7684676389204056,0.8433570525879861
28.26,0.7687843841131604,0.8434317388658993
28.27,0.7690910014821493,0.8435176167514314
28.28,0.7693822073607618,0.8436177509763834
28.29,0.7696527188312341,0.8437352055528923
28.3,0.7698979593147471,0.8438723656810931
28.31,0.7701153707187005,0.8440296767379192
28.32,0.7703027531857505,0.8442072398259378
28.33,0.7704579068585536,0.8444051560477167
28.34,0.7705786080300776,0.8446235518194976
28.35,0.7706622460890968,0.8448629642113721
28.36,0.7707058964307956,0.8451242635611498
28.37,0.7707066253823792,0.8454083298312463
28.38,0.7706614992687597,0.8457160429814037
28.39,0.7705675581633081,0.8460482523703086
28.4,0.770421750755018,0.8464057008311486
28.41,0.770221005860334,0.8467891080319593
28.42,0.769962252295702,0.8471991936407756
28.43,0.7696425299323664,0.8476366713054998
28.44,0.7692612840333571,0.8481021242809519
28.45,0.7688202853451659,0.8485960097605927
28.46,0.7683213996816992,0.8491187797844058
28.47,0.7677664928568652,0.8496708863923736
28.48,0.7671575139679013,0.850252755464628
28.49,0.766496766404839,0.8508647015955627
28.5,0.7657866477524953,0.8515070097923594
28.51,0.7650295555964536,0.8521799650619584
28.52,0.7642278883268595,0.8528838528097431
28.53,0.763384068534382,0.8536189704259268
28.54,0.7625005466740121,0.8543856290999715
28.55,0.7615797747426288,0.8551841407849311
28.56,0.7606242047371129,0.8560148174338582
28.57,0.7596361965888656,0.8568779739310979
28.58,0.7586176309177393,0.8577739404218914
28.59,0.7575702328571148,0.8587030520020468
28.6,0.7564957274593018,0.8596656437699519
28.61,0.7553958656579679,0.8606620489698243
28.62,0.7542735411217725,0.8616925189789975
28.63,0.7531332162174037,0.862757192791424
28.64,0.7519794670751956,0.8638562012508966
28.65,0.7508168698254835,0.8649896752012061
28.66,0.7496489237474996,0.8661575071356025
28.67,0.7484722390234075,0.8673580647125483
28.68,0.7472807120164752,0.8685891149130276
28.69,0.7460682325329175,0.8698484232666854
28.7,0.7448288924640356,0.8711337814451758
28.71,0.7435709894499901,0.8724448187957754
28.72,0.7423261278645035,0.8737841796575406
28.73,0.7411280754194759,0.8751547882219944
28.74,0.7400105998268087,0.876559568680658
28.75,0.7389957572293284,0.8779999819966406
28.76,0.7380128568114761,0.8794659014470699
28.77,0.7369470857242929,0.8809416877588309
28.78,0.7356833620494573,0.8824116680416302
28.79,0.7341073595526327,0.8838603395049329
28.8,0.7322007239540569,0.8852938020478508
28.81,0.7301339826880228,0.8867606716677252
28.82,0.7280997160750305,0.8883145283293272
28.83,0.7262905044355841,0.8900089519974264
28.84,0.7248798132876269,0.8918819981587968
28.85,0.7238516411682815,0.8938178428151243
28.86,0.7230816912349203,0.8956127076596406
28.87,0.7224443960463903,0.8970617824429905
28.88,0.721814337544608,0.8979607486088523
28.89,0.7211086578341558,0.8982453739969484
28.9,0.7203454612856998,0.8981837428458402
28.91,0.7195574950246603,0.8980921358908418
28.92,0.718777506176458,0.898286833867267
28.93,0.7180363469240243,0.8990611107938025
28.94,0.7173409924710998,0.9004183475145274
28.95,0.7166820878978102,0.9021636589480297
28.96,0.7160499613362908,0.9040983119105974
28.97,0.7154349435240435,0.9060236308082424
28.98,0.7148299492153715,0.9077980579010804
28.99,0.7142353223572369,0.9094442524704814
29.0,0.7136527338528945,0.9110142052231718
29.01,0.7130838546055999,0.9125599068658765
29.02,0.7125302600778499,0.9141311822102978
29.03,0.711991964194832,0.9157424191548655
29.04,0.7114677066694367,0.9173790891254744
29.05,0.7109561899846696,0.9190258186676763
29.06,0.7104561166228067,0.9206672346077773
29.07,0.7099661795324326,0.9222916309990256
29.08,0.7094850382676811,0.9239001473948009
29.09,0.7090113450750157,0.9254967343145408
29.1,0.7085437522009009,0.9270853422776815
29.11,0.708080893937456,0.9286697832578718
29.12,0.7076210119606736,0.9302508395826952
29.13,0.7071619663053565,0.9318263486224159
29.14,0.7067016012475016,0.9333940261435316
29.15,0.7062377610631064,0.9349515879125377
29.16,0.7057685498719242,0.9364966425251331
29.17,0.7052931841195064,0.9380263398057674
29.18,0.7048111778326394,0.939537706843524
29.19,0.7043220450413235,0.9410277707261616
29.2,0.7038253767375647,0.9424935616753543
29.21,0.7033231044728109,0.9439322052210881
29.22,0.7028198694219768,0.9453409372300613
29.23,0.7023204640312051,0.9467169997287846
29.24,0.7018296807466381,0.9480576347437677
29.25,0.7013522221372235,0.9493600026944536
29.26,0.70089231988068,0.9506208364385135
29.27,0.7004540519617417,0.9518367292828253
29.28,0.7000414962796234,0.9530042744566184
29.29,0.6996587330133897,0.9541200861940058
29.3,0.6993099443284491,0.955181718357775
29.31,0.6989994531652105,0.9561880218101019
29.32,0.6987315927552002,0.9571379422281039
29.33,0.6985106963299446,0.9580304252888966
29.34,0.6983410754073581,0.9588635381118741
29.35,0.6982269016864403,0.959629690582089
29.36,0.6981722914585495,0.9603190507276904
29.37,0.6981813608763853,0.9609217809664719
29.38,0.6982582295328446,0.9614282064481228
29.39,0.6984072627981139,0.9618402783372888
29.4,0.6986332315420956,0.9621791291712912
29.41,0.6989409445517373,0.962467685079292
29.42,0.6993352106139871,0.9627288721904527
29.43,0.6998206343672078,0.9629761230164998
29.44,0.700400192721146,0.9631471750413986
29.45,0.7010760837434554,0.9631435468898072
29.46,0.7018505006390041,0.9628665310499411
29.47,0.7027256084152751,0.9622179882868656
29.48,0.7036999142406435,0.9611734977388462
29.49,0.7047646849285824,0.9598545572597695
29.5,0.7059103360804185,0.9583998196337592
29.51,0.7071272832974783,0.9569479376449398
29.52,0.7084061919194492,0.9556254438884745
29.53,0.709740220607635,0.9544378662051343
29.54,0.7111239612122118,0.9533211775629007
29.55,0.7125520226960893,0.95221052042242
29.56,0.7140190041622978,0.9510411194002055
29.57,0.7155166089592474,0.9497723275273979
29.58,0.7170296304338137,0.9484210743234393
29.59,0.7185418531356897,0.9470126949497959
29.6,0.7200370616145672,0.9455725245679356
29.61,0.7215008308684224,0.9441240638720535
29.62,0.722941472225925,0.9426675182425809
29.63,0.7243829332381421,0.9411870724138859
29.64,0.7258494691964243,0.9396665958141173
29.65,0.7273653029058027,0.9380899739608708
29.66,0.7289207428348269,0.9364578890686678
29.67,0.7304079982374408,0.9348196087866124
29.68,0.731701644368707,0.9332331343250568
29.69,0.732676256483689,0.931756466894351
29.7,0.7332168145361598,0.930439419538924
29.71,0.7333799935341161,0.9291966867734592
29.72,0.7333633385237414,0.9278321028870473
29.73,0.7333685584728727,0.9261462252952855
29.74,0.7335973581084326,0.9239396178647824
29.75,0.7341878267410533,0.9211096121783531
29.76,0.7350538343294806,0.9178946080044402
29.77,0.736059876664421,0.914608109948639
29.78,0.737070449536582,0.9115636226165412
29.79,0.7379540044128735,0.9090634927418506
29.8,0.7386663272753153,0.9071637204714513
29.81,0.7392485598213546,0.9056795410137068
29.82,0.7397454035995417,0.9044161482185576
29.83,0.7402015601584261,0.9031787359359469
29.84,0.740654833439698,0.9018112101719535
29.85,0.7411133152338067,0.9003242335282813
29.86,0.7415770986978164,0.898773360168415
29.87,0.7420462768769324,0.8972141448836372
29.88,0.7425209230931535,0.8957010317877759
29.89,0.743000504180518,0.8942543116971086
29.9,0.7434837810172702,0.8928545207752513
29.91,0.7439694747209419,0.8914799561315556
29.92,0.7444563064090645,0.8901089148753747
29.93,0.744949269988554,0.8887270283949019
29.94,0.7454864331250545,0.8873585986208845
29.95,0.7461167245796076,0.8860406265079473
29.96,0.7468890795520771,0.8848101205391212
29.97,0.7478506535503505,0.8837027056500604
29.98,0.7489679357668471,0.8826912961102943
29.99,0.7500954544741772,0.8816617668369292
30.0,0.7510794877060414,0.8804935789425622
30.01,0.7517663134961382,0.8790661935397909
30.02,0.7520390684420833,0.8772904452871764
30.03,0.752019781698288,0.8752805111826006
30.04,0.7519257157845729,0.8732316296666479
30.05,0.751974379939961,0.8713392491841809
30.06,0.75238155335059,0.8697972533781663
30.07,0.7532373837411916,0.8686858944811591
30.08,0.7544235791940412,0.8678968947962532
30.09,0.7558022133746389,0.8673042176476535
30.1,0.7572353599484845,0.8667818263595655
30.11,0.7586014449670868,0.8662160233694507
30.12,0.7599101665909219,0.8655921658593764
30.13,0.7612343985693256,0.8649432817761254
30.14,0.762647418395382,0.8643027037217029
30.15,0.764221901729414,0.8637036614927055
30.16,0.765950762943279,0.8631657600177107
30.17,0.767668127875473,0.8626814798789956
30.18,0.769189325113082,0.8622400907018111
30.19,0.7703296832431937,0.8618308621114082
30.2,0.7709312297101518,0.8614437255553811
30.21,0.7711044779234904,0.8610752678227408
30.22,0.7711151420104642,0.8607259228822348
30.23,0.7712308217718906,0.8603961714454688
30.24,0.7717187400653884,0.8600864915765303
30.25,0.7727319556745892,0.8597965594908462
30.26,0.7741494906651428,0.8595241266654596
30.27,0.7758100960536592,0.8592666617276025
30.28,0.7775525228567505,0.8590216333045065
30.29,0.7792231345635524,0.8587865451793948
30.3,0.7807657192380735,0.8585593510625599
30.31,0.7821914370546887,0.858338315802797
30.32,0.7835127926491462,0.8581217104579041
30.33,0.7847423064291372,0.8579078060399935
30.34,0.7859098484537482,0.8576948233042585
30.35,0.7870957794519686,0.8574808367490369
30.36,0.7883895942273813,0.8572638944138958
30.37,0.7898807875835704,0.857042044338403
30.38,0.7916501681762472,0.8568133367328629
30.39,0.793633974908563,0.8565758579367012
30.4,0.7956491827686712,0.8563277240943376
30.41,0.7975092005820357,0.8560670522414033
30.42,0.7990274406271688,0.8557919594127862
30.43,0.8000772336268824,0.8555005497301522
30.44,0.8007444157631672,0.8551908815174172
30.45,0.8011619120673966,0.854861002950224
30.46,0.8014626475709453,0.8545089622042153
30.47,0.8017761207283965,0.8541328117288645
30.48,0.8021554448418878,0.8537306992457425
30.49,0.8025786720740732,0.8533008660971322
30.5,0.8030206928387894,0.8528415575688366
30.51,0.8034563975498723,0.8523510189466595
30.52,0.8038642591838948,0.8518274863231785
30.53,0.804238279803015,0.8512691559417336
30.54,0.8045766681045795,0.8506742132510055
30.55,0.8048776328604892,0.8500408436994824
30.56,0.8051402881603604,0.849367269944761
30.57,0.8053918975870653,0.8486528716056707
30.58,0.805692669946307,0.8478983823696697
30.59,0.8061046859547489,0.8471046128608901
30.6,0.8066900263290546,0.8462723737034641
30.61,0.807491520528341,0.8454026343949882
30.62,0.8084498486876346,0.8444972074334088
30.63,0.8094719404524102,0.8435581838469025
30.64,0.8104647041830917,0.8425876548393021
30.65,0.8113366615358282,0.8415877108729979
30.66,0.812070432281995,0.8405604083561289
30.67,0.8127520487270005,0.8395077561701713
30.68,0.8134752243330512,0.8384317596664699
30.69,0.8143336725623548,0.8373344241963686
30.7,0.8153964634191261,0.8362176797943901
30.71,0.8165718989992042,0.8350829651464743
30.72,0.8177038101169801,0.8339315218975433
30.73,0.8186358547669024,0.8327645911643344
30.74,0.8192134414132799,0.8315834292017745
30.75,0.8194111979507788,0.8303904097636021
30.76,0.8194193501222734,0.829189771109064
30.77,0.8194485819330342,0.8279859284219132
30.78,0.8197095773883316,0.826783296885902
30.79,0.8203863043070835,0.825585377421432
30.8,0.8214467939237,0.8243882813124119
30.81,0.8227545548391227,0.8231845429395235
30.82,0.8241724120838045,0.8219666732907566
30.83,0.825563661529186,0.8207272843520372
30.84,0.8268553639505707,0.8194726660253048
30.85,0.828102254121714,0.8182364949742217
30.86,0.8293742852446017,0.8170557122974396
30.87,0.8307414105212213,0.8159672590936085
30.88,0.8322595742601036,0.8149982501303313
30.89,0.8338428231111211,0.8140762681619541
30.9,0.8353227153638019,0.8130710357028977
30.91,0.8365297896306032,0.8118515600301852
30.92,0.8372949439364611,0.8102871235645822
30.93,0.8375613788044725,0.8083329805035435
30.94,0.8375434599699895,0.8061519721904502
30.95,0.8374956650579867,0.8039376471254616
30.96,0.8376724716934383,0.8018835538087332
30.97,0.8383067239731695,0.8001712061924218
30.98,0.8393522280000119,0.7988268917621545
30.99,0.8405687576084775,0.7977689595003761
31.0,0.8417121609069939,0.7969135745414443
31.01,0.842538370713803,0.7961768961749983
31.02,0.8429016184113665,0.7954683013881402
31.03,0.8429439467690639,0.7946773090559532
31.04,0.8428597980920313,0.7936898226446175
31.05,0.8428436146854053,0.792391745620313
31.06,0.843079504188238,0.7906790063941167
31.07,0.8435780816704479,0.7886158265209045
31.08,0.8442060549588323,0.7864060220205025
31.09,0.8448257791939526,0.7842576311526503
31.1,0.8452996115719205,0.7823786892674721
31.11,0.8455315041370537,0.7809183544774493
31.12,0.8455738483559199,0.7798156698563932
31.13,0.8455121349141268,0.7789628267484138
31.14,0.8454318544972828,0.7782520164976194
31.15,0.8454158174994274,0.7775768910749672
31.16,0.8454865046807362,0.776863979129451
31.17,0.8456067899274873,0.7760722921195299
31.18,0.845737011392967,0.7751622233532095
31.19,0.8458375072304615,0.7740941661384945
31.2,0.8458746502157479,0.7728530321864182
31.21,0.8458411351394737,0.7715306783847942
31.22,0.8457368316686056,0.7702481128251005
31.23,0.845561609628353,0.7691263442417479
31.24,0.8453159107793811,0.7682836044821989
31.25,0.845018160009741,0.7677508128985859
31.26,0.8447079440826238,0.7674561427475229
31.27,0.8444260627308043,0.7673218780207145
31.28,0.8442133156870566,0.7672703027098645
31.29,0.8440996262012825,0.7672352869796338
31.3,0.844056838373857,0.7672125698064558
31.31,0.844037489198789,0.7672184570610687
31.32,0.8439941027359527,0.7672692683922973
31.33,0.8438793569450604,0.7673813240055289
31.34,0.8436530930661803,0.7675709700114385
31.35,0.8432852047639378,0.7678545888742874
31.36,0.8427463383096301,0.7682485657800638
31.37,0.8420071399745533,0.7687692859147568
31.38,0.8410506388495912,0.7694221432365835
31.39,0.839941175900123,0.7701403577270012
31.4,0.8387758939897727,0.7708280337744949
31.41,0.837652026916627,0.7713891950523794
31.42,0.8366660856523876,0.7717289175327273
31.43,0.8358603317059115,0.7718312541639673
31.44,0.835186004173916,0.771812769342833
31.45,0.8345856414919649,0.7718026939861355
31.46,0.8340017820956216,0.7719302590106852
31.47,0.8333820047513018,0.7723093494103597
31.48,0.8327149063706304,0.7729289652629939
31.49,0.8320090532775074,0.7737173072523382
31.5,0.8312731454099779,0.7746021692570264
31.51,0.8305159178999134,0.7755115256074693
31.52,0.8297509773182844,0.7763983283060476
31.53,0.8290017403458424,0.7772658294203191
31.54,0.8282928010748177,0.7781233180424376
31.55,0.82764875359744,0.7789800832645588
31.56,0.8270864219542371,0.7798465585632363
31.57,0.8265433536862447,0.7807448533719884
31.58,0.8259107510534268,0.7817039029240427
31.59,0.8250792335232707,0.7827527282871428
31.6,0.8239396447543227,0.7839202193814109
31.61,0.82245512888738,0.7851929716830197
31.62,0.8207644417257631,0.7864548510958569
31.63,0.8190324874058186,0.7875744272329536
31.64,0.8174241700638905,0.7884202697073426
31.65,0.8160926309516244,0.7888749925914906
31.66,0.8150380955973434,0.7890037858079094
31.67,0.8141538691269271,0.7889994983774645
31.68,0.8133310636232417,0.7890575977351635
31.69,0.8124608231330623,0.7893734944199412
31.7,0.811473464656959,0.7900728707298627
31.71,0.810414700932764,0.7910760034220796
31.72,0.8093513880203351,0.792265533933754
31.73,0.8083503819795295,0.7935241037020494
31.74,0.807471524804758,0.7947388961056566
31.75,0.8066558901086865,0.795874002708614
31.76,0.8057454974721137,0.7969576572795599
31.77,0.8045793360461019,0.7980200559347583
31.78,0.8029963981696928,0.7990913944797202
31.79,0.8009115818448324,0.8001944696847981
31.8,0.7985123596171899,0.8013255086474824
31.81,0.7960473648870432,0.8024747767056751
31.82,0.7937652310546667,0.8036325391972803
31.83,0.7919063437970527,0.8047893043469617
31.84,0.7905236325347175,0.8059411007686443
31.85,0.7894838072511615,0.8070894410424819
31.86,0.7886455775738895,0.8082360733506835
31.87,0.7878676531304054,0.8093827458754594
31.88,0.7870363582565923,0.8105313872470209
31.89,0.7861592240905668,0.8116847181200738
31.9,0.7852770268666208,0.812845676389031
31.91,0.7844305437173309,0.8140171999541774
31.92,0.78365989020467,0.8152021807865746
31.93,0.7829841457014103,0.816402050429946
31.94,0.7823974996555747,0.8176165124569384
31.95,0.7818927023539911,0.8188451705271218
31.96,0.7814625040834863,0.8200876283000674
31.97,0.7811007151752223,0.8213451511217638
31.98,0.7808068425251682,0.8226279340631845
31.99,0.7805822983153287,0.8239491588514485
32.0,0.7804284960816402,0.825322009336052
32.01,0.7803466099740475,0.8267592448582295
32.02,0.7803265216871015,0.8282535996084851
32.03,0.7803421783140333,0.8297695506107268
32.04,0.780366324482275,0.8312694425307509
32.05,0.7803717048192587,0.8327156200343534
32.06,0.7803362680156705,0.8340888677392879
32.07,0.7802723594768547,0.8354918507506784
32.08,0.7802062830733661,0.8370766942619124
32.09,0.7801643826760349,0.8389956652023863
32.1,0.7801727264180126,0.8413999907229479
32.11,0.7802363397672569,0.8443615482392793
32.12,0.7803247430244337,0.8478183288177821
32.13,0.780404037734288,0.8516954317464482
32.14,0.7804403254415649,0.8559179563132615
32.15,0.7804038613785654,0.8603969581223652
32.16,0.780298935392392,0.8649284212026231
32.17,0.780146502630136,0.8692519839379388
32.18,0.779967632293851,0.8731068990905614
32.19,0.7797833259782948,0.8762338586737327
32.2,0.7796050185888871,0.8785772141871794
32.21,0.7794247684933032,0.8804938125705214
32.22,0.7792322924597214,0.8823903496645329
32.23,0.7790173072563195,0.884673521309986
32.24,0.7787725896861332,0.8877119019729444
32.25,0.7785223652620098,0.8914822836377038
32.26,0.7783093481734112,0.8957311296152235
32.27,0.7781764890900138,0.9002019571876563
32.28,0.778166592432707,0.9046384020640581
32.29,0.7782737624556146,0.9088235355654272
32.3,0.7783731128374785,0.9126367832239676
32.31,0.7783219231524102,0.9159720119768348
32.32,0.777977472974522,0.9187230887611774
32.33,0.7772093896267351,0.9208008092341733
32.34,0.7760490851885491,0.9223377753830617
32.35,0.7746417194630904,0.9236225369225641
32.36,0.7731348172634103,0.9249468859876643
32.37,0.771675873702518,0.9266025079237102
32.38,0.7703738961502328,0.9287427013334775
32.39,0.7692238221564065,0.9311106147432909
32.4,0.7681995555458523,0.9333737677012462
32.41,0.7672750001433838,0.9351996797554376
32.42,0.7664241511789681,0.9362745416711238
32.43,0.7656225650907287,0.9366034502634017
32.44,0.7648471075019736,0.9364589279787439
32.45,0.7640746845463169,0.9361217722533605
32.46,0.7632822028523003,0.9358727779729537
32.47,0.7624605747354783,0.9359205643432409
32.48,0.7616513203910087,0.9362129523585394
32.49,0.7609073868356874,0.9366388770319969
32.5,0.7602817210863118,0.9370872733767592
32.51,0.7598262662020662,0.9374488529396048
32.52,0.7595699234815904,0.9376551003657397
32.53,0.7595185797989761,0.9376782250269207
32.54,0.7596771235379035,0.9374922031541558
32.55,0.7600504430820536,0.9370710109784531
32.56,0.7606331442081458,0.9364137888824512
32.57,0.761374416797314,0.9356308214836364
32.58,0.7622109160658748,0.9348630689088582
32.59,0.7630792968208235,0.9342514922866793
32.6,0.7639175582212098,0.933932549774274
32.61,0.764706930980688,0.9338978933728352
32.62,0.7654800768763251,0.9339669042813802
32.63,0.7662726574599696,0.9339489158100904
32.64,0.7671203342834683,0.9336532612691476
32.65,0.7680530690704229,0.9329253510066382
32.66,0.7690699980578741,0.931805705152736
32.67,0.7701598844655171,0.930400499805439
32.68,0.7713114837043901,0.9288159604875973
32.69,0.7725135429628228,0.9271577966254988
32.7,0.773754416281018,0.9255070417919818
32.71,0.775021899866331,0.9239097173073384
32.72,0.7763037474973447,0.9224091814593853
32.73,0.777587712952641,0.921048792535941
32.74,0.7788664514469341,0.9198437844622386
32.75,0.7801652274602754,0.9186222797174958
32.76,0.781522617219895,0.9171360181872934
32.77,0.7829772363674579,0.9151365135978154
32.78,0.7845667927992193,0.9123783040486984
32.79,0.7862585465791365,0.908850641637644
32.8,0.7879002219663448,0.9049410409176423
32.81,0.7893279490342667,0.9010756452765837
32.82,0.7903778578563218,0.8976805981023667
32.83,0.7909172515467237,0.895117162155189
32.84,0.7910706155387139,0.8932113251670072
32.85,0.7910890937619912,0.8915254598183102
32.86,0.7912247165893606,0.8896200938304866
32.87,0.7917284747449083,0.8870571524702459
32.88,0.79270093125598,0.8836007730781088
32.89,0.7939362113606644,0.879427021264481
32.9,0.79519115343504,0.8747620854153993
32.91,0.7962225958551842,0.8698321539169026
32.92,0.7968100714979068,0.8648620628428924
32.93,0.7969680547768301,0.8600626486514822
32.94,0.7968499203713023,0.8556364710593308
32.95,0.7966108497837874,0.8517859821187423
32.96,0.7964058713753519,0.8487131903261346
32.97,0.7963373342599039,0.8464675249863786
32.98,0.7963781101462476,0.8447233994567258
32.99,0.7964815373604769,0.8430986509681017
33.0,0.7966009542286855,0.8412111167514343
33.01,0.7966920605202753,0.8387101466701933
33.02,0.7967417411757554,0.8356612457564985
33.03,0.796758928099318,0.8324241280387393
33.04,0.796753017824204,0.8293647078569567
33.05,0.7967334031334926,0.8268488061240247
33.06,0.7967043316063989,0.8251140621298898
33.07,0.796654708257474,0.824015888358582
33.08,0.7965705909967875,0.8233387678455157
33.09,0.7964380377344091,0.8228671836261069
33.1,0.7962441551546721,0.8223937109715476
33.11,0.7959941193480797,0.8218503468572045
33.12,0.7957083417585286,0.8212866426990101
33.13,0.7954077106171736,0.8207558287549969
33.14,0.795113114031,0.8203111348778434
33.15,0.7948412163459272,0.8199920024331117
33.16,0.7945933245386991,0.8197877385851757
33.17,0.7943672562522089,0.8196762595522611
33.18,0.7941608291293505,0.8196354815525937
33.19,0.7939720699498841,0.8196437446087806
33.2,0.7938038526015817,0.8196892111417577
33.21,0.7936639187029519,0.8197699077616076
33.22,0.7935602231339381,0.8198842932410064
33.23,0.7935007207744835,0.8200308263526295
33.24,0.7934904665334115,0.8202071946295273
33.25,0.7935216263831475,0.8204076578263116
33.26,0.7935827867740824,0.8206255237332061
33.27,0.7936625340170167,0.8208541001033112
33.28,0.79375012122008,0.8210869303123801
33.29,0.7938564886788815,0.8213252212231801
33.3,0.7940185182787011,0.821579346541145
33.31,0.7942746181501127,0.8218602192929555
33.32,0.7946631964236897,0.8221787525052919
33.33,0.7952100139858279,0.8225391847185795
33.34,0.7958719973776582,0.8229094276746992
33.35,0.7965827682975246,0.8232450941632325
33.36,0.7972759298831279,0.8235017871785232
33.37,0.7978859323355918,0.8236359526621161
33.38,0.7983882788546028,0.8236448900610706
33.39,0.798817044488347,0.8235841860467551
33.4,0.7992107944354984,0.8235138956215753
33.41,0.7996080938947305,0.8234940737879369
33.42,0.8000428758008942,0.8235757790992363
33.43,0.8005180519620562,0.8237498231117258
33.44,0.801023795559925,0.8239822773394513
33.45,0.8015502408231059,0.8242391376445486
33.46,0.8020875285309423,0.8244865842662672
33.47,0.802626316532897,0.8247053509000164
33.48,0.8031581449880765,0.8249010047295205
33.49,0.8036746402585404,0.8250815392069019
33.5,0.8041674287063472,0.8252549477842829
33.51,0.8046312962647355,0.8254284043519626
33.52,0.8050872752793495,0.8256022747378885
33.53,0.8055693986539756,0.8257735525525361
33.54,0.8061117923169295,0.8259392072767301
33.55,0.806748373119311,0.8260962190588645
33.56,0.8074821180375897,0.8262431466663599
33.57,0.8082526119432478,0.8263817832683347
33.58,0.8089916732880511,0.8265143182933649
33.59,0.809631120523765,0.8266429411700265
33.6,0.8101093831405837,0.8267693117398642
33.61,0.810433831766153,0.8268895672124349
33.62,0.8106528253699614,0.8269965613654268
33.63,0.8108152650975856,0.8270831045447081
33.64,0.8109700069191783,0.8271420191475373
33.65,0.8111498463978043,0.8271704119851958
33.66,0.8113478703986698,0.827175982906928
33.67,0.8115511358812306,0.8271680403521341
33.68,0.8117466998049431,0.827155892760215
33.69,0.8119223102357322,0.8271482909679099
33.7,0.8120749143478238,0.8271465637322971
33.71,0.8122079987592707,0.8271467636172135
33.72,0.8123251897667018,0.8271448304901924
33.73,0.8124301129972531,0.8271367049871963
33.74,0.8125254203063925,0.8271194454207322
33.75,0.8126108420773697,0.8270934633133844
33.76,0.8126855631048446,0.8270597964039114
33.77,0.8127487681834769,0.827019482431072
33.78,0.8127996774860369,0.8269735188375179
33.79,0.8128381260520029,0.8269222027250862
33.8,0.8128644701845213,0.8268652374698239
33.81,0.8128790826840366,0.8268023076571503
33.82,0.8128823363495894,0.8267330978739
33.83,0.8128745458370581,0.826657351302523
33.84,0.8128558130761202,0.8265750255070444
33.85,0.8128261913597141,0.8264861270667059
33.86,0.8127857339807786,0.8263906625607487
33.87,0.8127344958768199,0.8262886418269262
33.88,0.8126725704775976,0.8261801509707121
33.89,0.8126000900794742,0.8260653531070306
33.9,0.8125171886982524,0.8259444147576668
33.91,0.8124240003497346,0.8258175024444065
33.92,0.8123206571171373,0.8256848087263534
33.93,0.8122072824403331,0.8255466426125097
33.94,0.812083997343781,0.8254033456542341
33.95,0.8119509228518275,0.8252552594043855
33.96,0.811808168572009,0.8251027246196011
33.97,0.8116554685334748,0.8249460558632531
33.98,0.8114921050517103,0.8247855361956868
33.99,0.8113173336355213,0.8246214468077195
34.0,0.8111304097937134,0.8244540688901687
34.01,0.8109305734974999,0.8242836956624288
34.02,0.8107169796128887,0.8241106862289113
34.03,0.8104887540163881,0.8239354221365289
34.04,0.8102450225601093,0.8237582849510819
34.05,0.8099849148316941,0.8235796531811509
34.06,0.8097077439481652,0.8233997551318686
34.07,0.8094130863241856,0.823218603621274
34.08,0.8091005387178974,0.8230361948179684
34.09,0.8087696978874429,0.8228525248905529
34.1,0.8084202329031461,0.8226674903364598
34.11,0.808052300280478,0.8224803157852926
34.12,0.8076662578885168,0.822289948331816
34.13,0.8072624642319447,0.8220953341947116
34.14,0.8068412770009954,0.8218954252489427
34.15,0.8064029884920318,0.8216896275235585
34.16,0.8059477787862678,0.8214781263709628
34.17,0.8054758169214684,0.8212611838392394
34.18,0.8049872719353991,0.8210390619764727
34.19,0.8044823299854521,0.8208124823009854
34.2,0.803961320421745,0.8205860094520157
34.21,0.8034246439305612,0.8203661226458329
34.22,0.8028727017199411,0.8201593151020745
34.23,0.802305893542644,0.8199720786752336
34.24,0.8017243988440689,0.8198106985577924
34.25,0.801127943075889,0.8196810340678718
34.26,0.8005161956878649,0.8195888919903146
34.27,0.7998888261297573,0.8195400791099643
34.28,0.7992456550534813,0.8195404133434769
34.29,0.7985880914502256,0.8195958295443039
34.3,0.7979184939581442,0.8197123324808543
34.31,0.7972392339872573,0.8198959278618285
34.32,0.7965526758694712,0.8201526212550205
34.33,0.7958585820816587,0.8204883664323184
34.34,0.7951502438351307,0.8209089883401927
34.35,0.794419963213801,0.8214202922342586
34.36,0.7936600423015823,0.8220280833701319
34.37,0.7928643361434111,0.8227381876514042
34.38,0.7920475351417456,0.8235567080059824
34.39,0.7912392229452109,0.8244899453805149
34.4,0.7904693055870463,0.825544205008037
34.41,0.7897676694314136,0.8267257918507488
34.42,0.7891338303452744,0.8280405926807106
34.43,0.7884756298228403,0.8294932319489037
34.44,0.7876836800575344,0.8310880968654251
34.45,0.7866485932427796,0.8328295746403716
34.46,0.7852692194513899,0.8347217095346059
34.47,0.7835888393276007,0.8367625330536429
34.48,0.7817738462267436,0.8389449514265047
34.49,0.7799945736959621,0.8412617068490104
34.5,0.7784213543128464,0.8437055414182614
34.51,0.7771749034777771,0.8462641455832476
34.52,0.7761932695165668,0.848906612004147
34.53,0.7753724744771737,0.8515977545413421
34.54,0.7746085404075534,0.8543023870552214
34.55,0.7738001524233467,0.8569874147936392
34.56,0.7729089449309314,0.8596691789833224
34.57,0.7719604600863869,0.8624142095366281
34.58,0.770983094818989,0.8652912783055152
34.59,0.7700052460580128,0.8683691571419434
34.6,0.7690502998997983,0.8716593072142332
34.61,0.7681190910695495,0.8749152616151535
34.62,0.7672061129157599,0.8778180248501091
34.63,0.7663058584448595,0.8800485975122093
34.64,0.765412862636873,0.8812986352543466
34.65,0.7645230571729023,0.8816143484041338
34.66,0.7636340627586979,0.8814707087425661
34.67,0.7627436012009966,0.8813683526885303
34.68,0.7618493943065366,0.8818079166609137
34.69,0.7609517011359946,0.883189721154276
34.7,0.7600647670058509,0.8853611092268326
34.71,0.7592076304537853,0.8879799133768285
34.72,0.758399334274838,0.8907037977782813
34.73,0.7576582865921277,0.893193669076368
34.74,0.7569712826461527,0.8952719407617675
34.75,0.756279513572226,0.8969940128344541
34.76,0.7555206192707237,0.8984334281749202
34.77,0.7546322396420219,0.8996637296636579
34.78,0.7535686112831033,0.9007497028567053
34.79,0.7523965840148218,0.901696712416752
34.8,0.7512298015680917,0.9024854319813699
34.81,0.7501820600930714,0.9030964547634048
34.82,0.7493663795407056,0.9035105197760341
34.83,0.7488323758454731,0.9037202757670814
34.84,0.7485202502101727,0.903738923816749
34.85,0.7483593577176527,0.9035817023274437
34.86,0.7482790534507604,0.9032638497015717
34.87,0.74821543960917,0.9027999297974838
34.88,0.7481614427845593,0.9021988254460909
34.89,0.7481384615878403,0.9014665729837479
34.9,0.7481681074483139,0.9006091874702571
34.91,0.7482719344052421,0.8996326887591198
34.92,0.7484626067384085,0.8985438392513124
34.93,0.7487343633157606,0.8973509403931708
34.94,0.7490791546011548,0.8960624847777838
34.95,0.7494889310584482,0.8946869649982404
34.96,0.7499560169457063,0.8932328350858125
34.97,0.7504766920212665,0.8917081410095696
34.98,0.7510496142836918,0.8901206833916286
34.99,0.7516734742481799,0.8884782594995847
35.0,0.7523469611929436,0.8867886667904186
35.01,0.753068294014954,0.8850597747366703
35.02,0.7538345147221469,0.8832996329930761
35.03,0.7546424842579068,0.881516318935433
35.04,0.7554890635656205,0.879717909939534
35.05,0.7563711368944577,0.8779124632605878
35.06,0.7572859036697053,0.8761077640527518
35.07,0.7582307898509429,0.8743114018962976
35.08,0.7592032263668762,0.8725309620814975
35.09,0.7602006441368994,0.8707740300598559
35.1,0.7612204587953303,0.8690484559489544
35.11,0.7622600395551995,0.8673628936661654
35.12,0.7633167468496042,0.8657261491562863
35.13,0.7643879411116415,0.8641470283641137
35.14,0.765470983236075,0.8626341227321453
35.15,0.7665632422831845,0.8611922298016708
35.16,0.7676620943115746,0.8598228955181982
35.17,0.7687649156063382,0.8585275605956179
35.18,0.7698690824525595,0.8573076657371836
35.19,0.7709719707542542,0.8561639674143491
35.2,0.772070955003742,0.8550946873298532
35.21,0.7731634093665133,0.8540974603519406
35.22,0.7742467080080606,0.8531699213488529
35.23,0.7753182247336905,0.8523097232916276
35.24,0.7763753247498772,0.8515149513260003
35.25,0.7774153644857779,0.8507841317428552
35.26,0.7784356999746653,0.8501158107301958
35.27,0.7794336872498122,0.8495085344760258
35.28,0.7804066928169588,0.8489608136400194
35.29,0.7813521306096556,0.8484709979808372
35.3,0.7822674279811609,0.8480373917301655
35.31,0.783150012285574,0.8476582991168391
35.32,0.7839973384527859,0.8473320252539221
35.33,0.7848077896356792,0.8470569050182778
35.34,0.7855808776268827,0.8468313094770048
35.35,0.7863161823590082,0.8466536118821347
35.36,0.7870132837646702,0.8465221854856997
35.37,0.7876717550020603,0.8464354014516998
35.38,0.7882911316476268,0.8463916193605867
35.39,0.7888709363196936,0.8463891947988234
35.4,0.789410691624452,0.8464264833491325
35.41,0.7899099202426082,0.8465018407626129
35.42,0.790368148618076,0.8466136312937937
35.43,0.7907849086535745,0.8467602315320474
35.44,0.791159732680235,0.8469400190347943
35.45,0.7914921530291888,0.8471513713594562
35.46,0.7917817051791544,0.8473926617496891
35.47,0.7920279461070708,0.8476622339858685
35.48,0.7922304417758771,0.8479584195330707
35.49,0.7923887581787012,0.848279549814997
35.5,0.7925024607801936,0.848623957046761
35.51,0.7925710711210834,0.8489900392209966
35.52,0.7925940345155272,0.8493763084821427
35.53,0.7925707886666461,0.8497812883724142
35.54,0.7925007712775611,0.8502035024340266
35.55,0.7923834565757318,0.8506415408493286
35.56,0.7922186285262249,0.8510945589294592
35.57,0.792006227182291,0.8515619967747586
35.58,0.7917461937892473,0.852043296660544
35.59,0.7914384700377081,0.8525378983503843
35.6,0.7910830682138946,0.8530448434049676
35.61,0.7906801477720178,0.8535623432665186
35.62,0.7902298865692035,0.8540885055734391
35.63,0.7897324624625773,0.8546214379641306
35.64,0.7891882529981805,0.8551592571437114
35.65,0.7885997644170397,0.8557001764690164
35.66,0.7879707900283041,0.8562424677351929
35.67,0.7873051410288616,0.8567844035495671
35.68,0.7866066195142564,0.8573242564641794
35.69,0.7858754455676151,0.8578602772730128
35.7,0.7851028236776209,0.8583906620070224
35.71,0.7842785622089458,0.8589135982167476
35.72,0.7833924695262616,0.85942727345273
35.73,0.7824364826048786,0.8599298819690765
35.74,0.7814315548938415,0.8604197094005741
35.75,0.7804196107136213,0.8608951074249211
35.76,0.7794430404950642,0.8613544291877243
35.77,0.7785442110789568,0.8617960277626912
35.78,0.7777242595987047,0.8622181305619886
35.79,0.7768583391358994,0.862618581018587
35.8,0.7757976231602086,0.8629951494794423
35.81,0.7743932851412989,0.8633456062915108
35.82,0.7725076199250607,0.8636677841311362
35.83,0.7702013654942423,0.8639606278427154
35.84,0.7677062664359622,0.86422404067155
35.85,0.7652596632921335,0.8644579572252871
35.86,0.7630988957871244,0.8646623120941026
35.87,0.7613938882730138,0.864835599215955
35.88,0.7600632597121302,0.8649709421858838
35.89,0.7589670833344859,0.8650602134890367
35.9,0.7579654323700911,0.8650952856105617
35.91,0.7569218418916047,0.8650687185209753
35.92,0.7557833196332979,0.864989648979347
35.93,0.7545825427793998,0.8648842267922497
35.94,0.753356089807397,0.8647793765218731
35.95,0.7521405391947763,0.8647020227304072
35.96,0.7509685957808384,0.8646694514616345
35.97,0.7498553111507669,0.8646550233314989
35.98,0.7488107107694404,0.8646195927922994
35.99,0.7478448197392175,0.8645240133943021
36.0,0.746966775478981,0.864330000181344
36.01,0.7461554877063732,0.8640286040708474
36.02,0.7453529106224464,0.8636467411740306
36.03,0.7444987481249283,0.8632135115132672
36.04,0.7435327041115447,0.8627580151109301
36.05,0.7424146995829751,0.8623028888432176
36.06,0.7412175293062045,0.8618346853039951
36.07,0.7400531437563671,0.8613274395139676
36.08,0.739033532018468,0.8607551741507623
36.09,0.7382693056481029,0.8600927618563359
36.1,0.7378005335213138,0.8593586015747973
36.11,0.7375643899842083,0.8586345803177312
36.12,0.7374899110581756,0.8580076066125341
36.13,0.7375061327646049,0.8575645889866008
36.14,0.7375486273250426,0.8573715830679328
36.15,0.7375979046228057,0.8573512766993534
36.16,0.7376533690649341,0.8573660771948088
36.17,0.7377144905057866,0.8572781830670556
36.18,0.7377810133355415,0.8569507503375338
36.19,0.7378759020479634,0.8563279206378952
36.2,0.7380626456142935,0.8554951743119369
36.21,0.7384088085626423,0.8545522061732087
36.22,0.7389819554211207,0.8535987110352586
36.23,0.7398367489131059,0.8527242211089933
36.24,0.7409176820522879,0.8519314891968618
36.25,0.7421134099798532,0.8511792852537723
36.26,0.7433121522148147,0.8504260361000721
36.27,0.7444024561385322,0.8496304000957869
36.28,0.745326079990503,0.8487886136427671
36.29,0.7461363517885051,0.8479757048395343
36.3,0.7469006462053216,0.8472766216732908
36.31,0.747686337913736,0.8467763121312372
36.32,0.7485559031709393,0.8465476275721657
36.33,0.749519214945616,0.8465335156293611
36.34,0.7505541621748955,0.8465979394282279
36.35,0.751638182004157,0.8466037463952707
36.36,0.7527487365097741,0.8464139317832502
36.37,0.7538734483230284,0.8459517370160451
36.38,0.7550256658719648,0.8452929425046118
36.39,0.7562227474246089,0.8445371046748926
36.4,0.7574820512489886,0.8437837799528283
36.41,0.758818140137561,0.84312724345448
36.42,0.760207164374642,0.8425892000467063
36.43,0.7615973594363002,0.8421386169676947
36.44,0.7629363321626623,0.8417432738146939
36.45,0.76417171698255,0.8413709535817269
36.46,0.7653025679555128,0.8409957701464975
36.47,0.766486024660169,0.8406113011794004
36.48,0.7679095076209612,0.8402148525990308
36.49,0.7697604373623331,0.8398037303239841
36.5,0.7722124845223249,0.8393754187316717
36.51,0.7751917979650567,0.8389306147673161
36.52,0.7784100617701951,0.8384727988995959
36.53,0.7815718641487259,0.8380055436939741
36.54,0.7843817940933906,0.8375324216259838
36.55,0.786629063927162,0.8370472704915621
36.56,0.7884203113265904,0.836507412930549
36.57,0.789936587297006,0.835861611414905
36.58,0.7913589428437424,0.8350586284165894
36.59,0.7928641636914033,0.8340513488694775
36.6,0.7945251569641557,0.8328930580330797
36.61,0.796307636535535,0.8317406451548708
36.62,0.7981723878632654,0.8307557628748847
36.63,0.8000801964050717,0.8301000638331548
36.64,0.8019920781156434,0.8298766667363839
36.65,0.8038701059948125,0.8299202572172415
36.66,0.8056766558720245,0.8299886183415975
36.67,0.8073741036017148,0.829839526829568
36.68,0.8089274852527195,0.8292355446119846
36.69,0.8103934826446945,0.8281040865834723
36.7,0.8119414346225724,0.8265752158175808
36.71,0.8137475987084998,0.8247914407487711
36.72,0.8159882324246259,0.8228952698115017
36.73,0.8187837206496699,0.8210092301793712
36.74,0.8219405095909594,0.819143577794432
36.75,0.8251554780131983,0.8172693849210334
36.76,0.8281253910268018,0.8153576831782968
36.77,0.8305507053533112,0.8133798425622534
36.78,0.8323235868414786,0.8113248053266834
36.79,0.8336173818268284,0.8092072870208639
36.8,0.8346278495504065,0.8070440575842762
36.81,0.835550749253259,0.8048518869563996
36.82,0.8365586316307101,0.8026465471771977
36.83,0.8376634283126778,0.8004369041370464
36.84,0.8388091377665198,0.7982289027992128
36.85,0.8399395159497325,0.7960284776997546
36.86,0.840998595073264,0.7938415780146382
36.87,0.8419541880617978,0.791675413166834
36.88,0.8428158454776479,0.7895394044444923
36.89,0.8435973457671623,0.7874431971903642
36.9,0.8443124673766905,0.7853964367471948
36.91,0.8449737599201915,0.7834088276831601
36.92,0.8455832070319921,0.7814905838097428
36.93,0.8461374063635987,0.7796521785239865
36.94,0.8466329126515906,0.7779040872912804
36.95,0.8470662844306355,0.7762567723724297
36.96,0.8474347114277042,0.7747185016003394
36.97,0.8477367145007487,0.7732929149457723
36.98,0.8479709832389863,0.7719830657617621
36.99,0.8481362072316337,0.7707920074013415
37.0,0.8482315446045308,0.7697229474191648
37.01,0.8482612222912322,0.7687807615817606
37.02,0.8482325664764696,0.7679713456603425
37.03,0.8481529478348252,0.7673006100683267
37.04,0.8480297149335391,0.7667744421856386
37.05,0.8478608816940583,0.7663890036885777
37.06,0.847620686204636,0.7661156843754048
37.07,0.8472796364624408,0.7659219876879836
37.08,0.8468082404646404,0.7657754170681771
37.09,0.8461825119378906,0.7656493633932199
37.1,0.845454726965543,0.765598767078377
37.11,0.8447328880730117,0.7657381584310093
37.12,0.844126269192249,0.7661834273101662
37.13,0.8437441116301233,0.767050432078461
37.14,0.8436307061904461,0.7683923275220141
37.15,0.8436294318211146,0.7700683070050635
37.16,0.843544938855936,0.7719001750726435
37.17,0.8431818776287179,0.7737097362697902
37.18,0.842357790482118,0.7753269660177962
37.19,0.8411243648350935,0.7767302394534542
37.2,0.8397372706139921,0.7780272145775895
37.21,0.8384590012527274,0.779329874088331
37.22,0.8375520495210365,0.780750200432407
37.23,0.8371818058081053,0.7823634207103269
37.24,0.837147146308523,0.7841060284916658
37.25,0.8371604872271258,0.7858817903743258
37.26,0.8369342447687503,0.7875944729562128
37.27,0.8361897080142762,0.7891543132362415
37.28,0.8348664405052751,0.7906307213251487
37.29,0.8331304723063201,0.7922582543741309
37.3,0.8311583454677349,0.7942791352295745
37.31,0.829126602039842,0.796935586737867
37.32,0.8271802771939146,0.8003796971138788
37.33,0.825319008518052,0.8043476023114088
37.34,0.8235005197774913,0.8084555315498393
37.35,0.8216825308054166,0.8123197027997489
37.36,0.8198234815804115,0.8155639589419444
37.37,0.8179069130746317,0.8180779125500633
37.38,0.8159473910836496,0.8200796674890032
37.39,0.8139614030125844,0.8218076736540364
37.4,0.8119654362665508,0.8235003809404405
37.41,0.8099740750651181,0.8253607281969499
37.42,0.8079911414433127,0.8273908454563967
37.43,0.8060166785003778,0.8295223525668003
37.44,0.8040507252161394,0.8316867925131421
37.45,0.802093338729451,0.833816329455259
37.46,0.8001455325675392,0.8358758432057584
37.47,0.7982097307799181,0.8378784640150366
37.48,0.7962884707224887,0.8398411980614037
37.49,0.7943842897511509,0.841781051523171
37.5,0.7924998728553235,0.8437118413546192
37.51,0.7906389335184825,0.8456251666689016
37.52,0.7888056227899924,0.8475031741479507
37.53,0.7870040933284368,0.8493279757109334
37.54,0.7852384622400432,0.8510818934603533
37.55,0.7835097313324567,0.8527656669533588
37.56,0.7818134037882217,0.8544125432823058
37.57,0.780144421782555,0.8560590861805712
37.58,0.7784977274906698,0.8577418593815347
37.59,0.7768707540882882,0.8594846850375968
37.6,0.7752825023393387,0.8612010661058758
37.61,0.7737630301600947,0.8627479477059774
37.62,0.7723424854295603,0.8639818147940516
37.63,0.7710507884087798,0.8647597938555803
37.64,0.7698791156986424,0.8650482083594231
37.65,0.768736462279493,0.8650450063812957
37.66,0.7675213351164641,0.864977695920219
37.67,0.7661322411746879,0.8650737849752138
37.68,0.7644822873957315,0.8655407614972362
37.69,0.7626437014390549,0.8663679210014468
37.7,0.7607865487883555,0.8674104000231704
37.71,0.7590823220414814,0.8685213781840373
37.72,0.7577023484635481,0.8695541292300111
37.73,0.7567455889090624,0.8704031252836206
37.74,0.7561255811494586,0.8710684002872514
37.75,0.7557265830335648,0.8715666573156551
37.76,0.7554328524102076,0.8719145994435844
37.77,0.7551350438912818,0.8721296970689817
37.78,0.7548131311044299,0.8722401348450003
37.79,0.7545127147633368,0.8722819697165214
37.8,0.754280912392883,0.872291440577388
37.81,0.7541648334549418,0.8723047802420105
37.82,0.7541944117732936,0.8723452712510421
37.83,0.7543461249931399,0.8723958906762638
37.84,0.7545860809291197,0.8724317968322223
37.85,0.7548803873958716,0.8724281480334642
37.86,0.7551966177266634,0.8723602378684906
37.87,0.7555291999008799,0.8722058387302943
37.88,0.7558960848701148,0.8719448942878901
37.89,0.756316019102623,0.871557421640055
37.9,0.7568077490207757,0.8710234379955477
37.91,0.7573806384577949,0.8703454493909284
37.92,0.7580084148518268,0.8696113775981947
37.93,0.758656346368305,0.8689294201495179
37.94,0.7592897011726636,0.8684077745770667
37.95,0.7598764843171683,0.8681495316070987
37.96,0.7604527110605674,0.8681308805095853
37.97,0.7611253438254924,0.8681956289770633
37.98,0.7620046696420292,0.8681813812577716
37.99,0.7632009755402649,0.8679257415999482
38.0,0.7647829801088829,0.8673042580463552
38.01,0.766626365204262,0.8663686831318921
38.02,0.7685508196688563,0.8652218799778413
38.03,0.7703760264073068,0.8639667171255382
38.04,0.7719252860657192,0.8627046766808849
38.05,0.7731494873107475,0.8614883448974692
38.06,0.7741580816628212,0.8603095416195586
38.07,0.7750704252315659,0.8591562909327899
38.08,0.7760058741266093,0.8580166169227964
38.09,0.7770623645510233,0.8568775584159631
38.1,0.7782159301472454,0.8557205470421688
38.11,0.7793995407934131,0.8545250336116285
38.12,0.7805461170825723,0.8532704666675734
38.13,0.7815900513677161,0.8519373600351291
38.14,0.7825443560326236,0.8505631338953443
38.15,0.7835386393935916,0.8492696023116892
38.16,0.7847119484317416,0.8481854111946172
38.17,0.786203330128197,0.8474392064545804
38.18,0.7881191615098152,0.8471285516012195
38.19,0.7903367134832666,0.847133037134495
38.2,0.7926352102587997,0.8472389713081733
38.21,0.7947935047146487,0.8472323090884026
38.22,0.7965918201284864,0.8469003933796762
38.23,0.7979326317237272,0.8461543836608026
38.24,0.7989354165687294,0.8451252185306485
38.25,0.7997419510044335,0.8439664212555447
38.26,0.8004940113717827,0.8428315151018194
38.27,0.80132072564375,0.841860901849532
38.28,0.802240946497533,0.8410805830823823
38.29,0.8032166669252224,0.8404575738350342
38.3,0.8042094076223245,0.8399583991790875
38.31,0.805180770423842,0.8395496654034432
38.32,0.8061065064949771,0.8392121416952636
38.33,0.8069925544957666,0.8389568136838984
38.34,0.8078487317754196,0.8387985494072187
38.35,0.8086848556831433,0.8387522169030949
38.36,0.809510058811893,0.8388313382959525
38.37,0.8103259552711848,0.8390346578562158
38.38,0.8111295104025775,0.8393517825309741
38.39,0.8119176206527472,0.8397721838519087
38.4,0.8126871843256913,0.840285335992352
38.41,0.8134359429084892,0.8408819123781998
38.42,0.8141638112893241,0.8415556776463746
38.43,0.8148710497906628,0.8423008877422218
38.44,0.8155579187349727,0.8431117986110875
38.45,0.8162246408693722,0.8439826264987569
38.46,0.8168709100270194,0.8449070288364627
38.47,0.8174960292799733,0.8458782502038111
38.48,0.8180992925517445,0.8468895255146742
38.49,0.8186799937831396,0.847934089635914
38.5,0.8192374664070381,0.8490050700880326
38.51,0.8197711675247986,0.8500952582390109
38.52,0.8202805783800702,0.8511973798338662
38.53,0.8207651802165011,0.852304160617613
38.54,0.8212244598270898,0.8534084082291239
38.55,0.8216580066048539,0.8545044444147928
38.56,0.8220655003045626,0.8555879244237559
38.57,0.8224466237702941,0.8566545490952675
38.58,0.8228010598455433,0.8577000192618989
38.59,0.8231283167228418,0.8587180376604521
38.6,0.8234272350922974,0.859694670460805
38.61,0.8236964962005814,0.8606141597188903
38.62,0.8239347812943645,0.8614607474906402
38.63,0.8241408423792274,0.8622194734277221
38.64,0.8243152076777779,0.8628953987329785
38.65,0.8244602684302773,0.8635145845786872
38.66,0.8245785040084115,0.8641040855561662
38.67,0.8246723937838659,0.864690956256734
38.68,0.8247423997737714,0.8652795401635364
38.69,0.8247795567711173,0.8657680503292551
38.7,0.8247721480658023,0.8660237237522304
38.71,0.824708456619625,0.8659137937370849
38.72,0.8245773954831791,0.8653087685493571
38.73,0.8243903632157857,0.8641960275413036
38.74,0.8241868559055786,0.8627089902889611
38.75,0.8240081396297663,0.8609902760955882
38.76,0.8238954804655574,0.8591825042644405
38.77,0.8238780917722426,0.8574128597702116
38.78,0.8239161536321501,0.8557201257610909
38.79,0.8239453111627615,0.8541116666869034
38.8,0.8239011800293007,0.8525948092818473
38.81,0.823720143261627,0.8511753523413499
38.82,0.8233801646739718,0.8497763010454085
38.83,0.8229212162129238,0.8481971930266463
38.84,0.8223883283035675,0.8462274937237736
38.85,0.8218265313709884,0.8436566685755043
38.86,0.8212727926644567,0.840328428477258
38.87,0.8207071588492507,0.8364694206694069
38.88,0.8200851736669268,0.8324711371530725
38.89,0.8193622853278079,0.8287257126210019
38.9,0.8184945942314835,0.8256229869643475
38.91,0.8174974419515482,0.8233443533140032
38.92,0.8164919215020469,0.8216991064161577
38.93,0.8156100710059582,0.8204580294153044
38.94,0.8149839285862577,0.8193919054559334
38.95,0.8147224947411198,0.8182926032452302
38.96,0.8147325133251967,0.8171371101896409
38.97,0.8148158436409815,0.8159984109965119
38.98,0.814773455729375,0.8149503042844005
38.99,0.8144068509906124,0.8140664422876676
39.0,0.8136124853252967,0.813394318223291
39.01,0.8124905779841985,0.812925290538446
39.02,0.8111677066023705,0.8126434562084445
39.03,0.8097704488148683,0.8125329122085992
39.04,0.808417068793711,0.8125784184633548
39.05,0.8071338697900763,0.8127720682325471
39.06,0.8058899759991895,0.8131105144649623
39.07,0.8046536507546082,0.8135904787579743
39.08,0.8033931798410426,0.8142086806527236
39.09,0.8020874264208427,0.8149608709403159
39.1,0.80074268137026,0.8158402883904724
39.11,0.7993696232120949,0.8168397699216347
39.12,0.7979789304691498,0.8179521524522437
39.13,0.796580843903744,0.8191703130901502
39.14,0.7951793923419642,0.8204876992414711
39.15,0.7937739899530317,0.8218981819694146
39.16,0.7923639414752188,0.8233956423836976
39.17,0.7909485519072527,0.8249739615707671
39.18,0.7895277649939224,0.8266269635453302
39.19,0.7881035370146081,0.8283482925028351
39.2,0.7866782196216285,0.8301315573122967
39.21,0.7852541644673054,0.8319703668427264
39.22,0.7838336999960211,0.8338583321327057
39.23,0.7824187217068682,0.8357891046941984
39.24,0.7810107417147151,0.8377563718793953
39.25,0.7796112588846599,0.839753822279122
39.26,0.7782217720819172,0.8417751444842086
39.27,0.7768438355398152,0.8438140271126395
39.28,0.7754792164295833,0.8458641588868273
39.29,0.7741297331048913,0.8479192285542898
39.3,0.7727972039194103,0.849972924862544
39.31,0.7714834384847219,0.8520189361151149
39.32,0.770190024722054,0.8540509393563123
39.33,0.7689183167615746,0.8560625997566687
39.34,0.7676696575690802,0.8580475819197002
39.35,0.7664453901103707,0.8599995504489195
39.36,0.7652470729321057,0.8619121926478593
39.37,0.7640772783480603,0.8637793025666809
39.38,0.7629388763968658,0.8655947056050781
39.39,0.7618347371568835,0.8673522271669248
39.4,0.7607676614103304,0.8690456851493535
39.41,0.7597379474868254,0.870668626362636
39.42,0.758742749547259,0.8722142570140589
39.43,0.7577790220129473,0.8736757616734234
39.44,0.7568437193052043,0.875046324910534
39.45,0.7559357865945225,0.8763193202054131
39.46,0.7550656445248646,0.8774892099920404
39.47,0.754247816943617,0.8785508460739196
39.48,0.7534968328598576,0.8794990807443678
39.49,0.7528267505645377,0.8803287376944494
39.5,0.7522257529418045,0.8810330683475001
39.51,0.7516432212235306,0.8816029664214837
39.52,0.751025346888886,0.8820291318153735
39.53,0.7503183214170417,0.8823022644281414
39.54,0.7494809239454457,0.8824184179148635
39.55,0.7485613849785496,0.8824116911961768
39.56,0.7476466684114973,0.8823326571962403
39.57,0.7468238935405654,0.8822319549340919
39.58,0.746179650765532,0.8821598712265407
39.59,0.745751605888971,0.8821341130712761
39.6,0.7454895939469274,0.8821138992892799
39.61,0.7453342945033721,0.8820523518986754
39.62,0.7452263871222773,0.8819025929175865
39.63,0.7451124687074063,0.8816211054078595
39.64,0.7449914502191081,0.8811940867688163
39.65,0.7448895265939329,0.8806232316739222
39.66,0.7448331288442017,0.8799103688874704
39.67,0.7448486104281056,0.8790575189839479
39.68,0.7449481187851784,0.878101837471698
39.69,0.7451131390761795,0.877156315120336
39.7,0.7453211632025541,0.8763438189994609
39.71,0.7455496830657482,0.8757872161786738
39.72,0.7457773505962952,0.875591339875076
39.73,0.7459957455308681,0.8756600471824986
39.74,0.74620453080097,0.8757715335671766
39.75,0.7464034929549316,0.875702072743849
39.76,0.7465924571250937,0.8752281921910285
39.77,0.7467901242324105,0.8742505638532313
39.78,0.7470644345891503,0.8729937029891036
39.79,0.7474912565917649,0.8717342671967495
39.8,0.7481464586367067,0.8707489140742735
39.81,0.7490989863637195,0.870292936598192
39.82,0.7503187505372764,0.8703159918945821
39.83,0.7517016867895572,0.8705394392054795
39.84,0.7531419540516351,0.8706791546180949
39.85,0.7545337247048269,0.8704510522973505
39.86,0.755806669418643,0.8696715422233553
39.87,0.7570029946339452,0.8684756236563304
39.88,0.7581871550866512,0.867061280880903
39.89,0.7594236055126766,0.8656264981817039
39.9,0.7607747801346818,0.8643628993931627
39.91,0.7622650799444536,0.8633423821019579
39.92,0.7638850427288034,0.8625302446294515
39.93,0.7656240232939923,0.8618880613477432
39.94,0.7674713764450898,0.8613774066377581
39.95,0.769415534555318,0.8609666726017917
39.96,0.7714413602346215,0.86065063556923
39.97,0.7735328526742579,0.8604304534228244
39.98,0.7756740110654831,0.8603072840453259
39.99,0.7778512385787006,0.8602818841786263
40.0,0.7801125267084561,0.8603447336063863
40.01,0.7825711709522903,0.8604754151359243
40.02,0.7853436147222036,0.8606529862966626
40.03,0.788546301430191,0.8608565046180222
40.04,0.7922231319756513,0.8610697118839054
40.05,0.796074727630343,0.8612985163165694
40.06,0.7997002685421797,0.8615553764495567
40.07,0.8026989197794581,0.861852751790137
40.08,0.8046789327933127,0.86220181299561
40.09,0.8055806302595964,0.8625666283728302
40.1,0.8057638489378629,0.862851760622876
40.11,0.8056153006283154,0.8629579603803533
40.12,0.8055216971311562,0.8627859782798669
40.13,0.8058036692788522,0.8622476295950197
40.14,0.8063984820693975,0.8613189206170115
40.15,0.8071054926424951,0.8599989490159857
40.16,0.8077238764969779,0.8582868428761484
40.17,0.8080567994217519,0.8561828202814946
40.18,0.808129966829987,0.8537478889176401
40.19,0.808304650741845,0.8511347208666927
40.2,0.8089699211163162,0.8485035815804022
40.21,0.810514847912388,0.8460147365105233
40.22,0.8132395129343567,0.8438138308828891
40.23,0.8168074122955528,0.8419419226706918
40.24,0.8206047719866262,0.8403945160108004
40.25,0.824016673646241,0.839166927029846
40.26,0.8264317996450687,0.8382548370301011
40.27,0.8275780825811405,0.8376883330737543
40.28,0.8277959438440007,0.8375596190341631
40.29,0.8274901070919396,0.8379674201315884
40.3,0.8270652959832457,0.8390104615862921
40.31,0.8268910884202004,0.8407744784225992
40.32,0.8270241684241002,0.843229557197318
40.33,0.8273570987352868,0.8462851237264081
40.34,0.8277809931423666,0.8498500682798903
40.35,0.8281871767324761,0.853833160767724
40.36,0.8285066592951499,0.8581205658649383
40.37,0.8287566053076064,0.8625493727379033
40.38,0.8289654753329319,0.8669502360666662
40.39,0.8291617299342123,0.8711538105312654
40.4,0.8293719189989363,0.8749965656511782
40.41,0.8296011395594467,0.8783802593224691
40.42,0.8298410000635631,0.8812476998179541
40.43,0.8300828994462681,0.883542333029672
40.44,0.83031824136321,0.8852077325798706
40.45,0.8305408289727637,0.8862523970478278
40.46,0.8307507623385066,0.8868552046065382
40.47,0.8309491619779696,0.8872226445370549
40.48,0.8311371484086838,0.8875612061204297
40.49,0.8313157338889107,0.888067223056502
40.5,0.8314843693165713,0.8887905610167788
40.51,0.8316413328948928,0.8896710775757812
40.52,0.8317848743031448,0.8906459545337903
40.53,0.8319132435033825,0.8916523877328575
40.54,0.832025495350185,0.8926675401181574
40.55,0.8321232520838063,0.8937960586963146
40.56,0.8322086467296872,0.8951679536170154
40.57,0.8322838123132684,0.896913235029943
40.58,0.8323509484608219,0.8991417085705418
40.59,0.8324135198269332,0.901579411651903
40.6,0.8324761235404251,0.9036088260368292
40.61,0.8325433967182715,0.9046003023907069
40.62,0.8326199764764554,0.9039241915519111
40.63,0.8327090735930787,0.9011997655988281
40.64,0.8328083444115356,0.8970156439107762
40.65,0.8329140934029409,0.892196371539805
40.66,0.8330226250384097,0.8875664935379659
40.67,0.8331308028141107,0.88392689494986
40.68,0.83324995975934,0.8814660566723457
40.69,0.8334068550143419,0.8797195695439336
40.7,0.8336289983057895,0.87819125680993
40.71,0.8339438993603554,0.8763849417156445
40.72,0.8343599148107408,0.8739251194575369
40.73,0.8347941953945461,0.8710109178911317
40.74,0.8351367726779027,0.8680123262137099
40.75,0.8352776737544566,0.8652993618009509
40.76,0.8351120270693492,0.8632355084810808
40.77,0.8347236458049535,0.8619425924187106
40.78,0.8344360211304745,0.8612354725951661
40.79,0.8345881275187714,0.8609091777763475
40.8,0.8355189394427036,0.8607587367281561
40.81,0.8374648975151864,0.8606031048364459
40.82,0.8400637693421665,0.8604009398402385
40.83,0.8427366588387782,0.860161458677151
40.84,0.844904371382405,0.8598939479495851
40.85,0.8459967564670553,0.8596078361879886
40.86,0.8459554484854608,0.8593205832909795
40.87,0.8454980939727845,0.8590618270061822
40.88,0.8454071164961267,0.8588622216180388
40.89,0.8464649396225877,0.8587524214109925
40.9,0.8493012496300455,0.8587416035003309
40.91,0.8534458250876469,0.8586842813691977
40.92,0.8579465546730963,0.8583672075055976
40.93,0.861849281832648,0.8575768468071124
40.94,0.8642067195315977,0.8561015575252325
40.95,0.8647309000008575,0.8539114172869288
40.96,0.8643309657724916,0.8513064472649717
40.97,0.864042635059094,0.8486215549987426
40.98,0.8649016260732574,0.8461916480276238
40.99,0.8678000169610653,0.844298078521748
41.0,0.8723421178851839,0.8427420617957545
41.01,0.8774529070277148,0.8410715281586019
41.02,0.8820512441792475,0.8388321267123066
41.03,0.8850591488889843,0.8355710841054756
41.04,0.8860072817575997,0.8311394981765801
41.05,0.8857553584751955,0.8260520131194612
41.06,0.8853385287086186,0.820910860600292
41.07,0.8857919421247171,0.8163182722852566
41.08,0.8880488168678824,0.812814949592378
41.09,0.8918892988838721,0.8102455499995158
41.1,0.8963644806651556,0.8080146429841368
41.11,0.9005139544992341,0.8055198560056804
41.12,0.903378143462677,0.8021593663773982
41.13,0.9044365054565877,0.7976219245314893
41.14,0.9043275574783185,0.7923633986726608
41.15,0.9038788678339749,0.7869647797187884
41.16,0.9039180048296606,0.7820070585877509
41.17,0.905216481659818,0.7780372595685279
41.18,0.907730745770419,0.7751085173656781
41.19,0.9108017025106085,0.7729009785769976
41.2,0.9137550955442315,0.7710856025678827
41.21,0.9159167486072862,0.7693333768358106
41.22,0.9168588285869014,0.7674018376149119
41.23,0.9169441185577674,0.7653262915254774
41.24,0.9166936912160003,0.763197657721362
41.25,0.9166286192577165,0.7611068553564253
41.26,0.9172487600237772,0.7591415768737159
41.27,0.918647336387596,0.7573276683877912
41.28,0.9205515593631646,0.7556353081062793
41.29,0.9226755773537921,0.7540326875028313
41.3,0.9247335387832714,0.752487998052628
41.31,0.9265045190152345,0.7509742784082963
41.32,0.9280220156475313,0.7494835613367519
41.33,0.9293818372391675,0.7480125314841788
41.34,0.9306797923491481,0.7465578734967604
41.35,0.9320098905965908,0.7451162581725276
41.36,0.9334190964169282,0.7436839941578594
41.37,0.9349039455394976,0.7422570019012882
41.38,0.9364584970258586,0.740831182786071
41.39,0.9380768099375677,0.7394024381954682
41.4,0.9397551090840277,0.7379631569080838
41.41,0.9414999974624497,0.7364888954240517
41.42,0.9433211830645891,0.7349501742840719
41.43,0.9452283744481184,0.733317513110986
41.44,0.9472308973806388,0.731562586586287
41.45,0.9493237474469565,0.7297003103288133
41.46,0.9514836173297149,0.7278008284675233
41.47,0.9536860074349011,0.7259378827938119
41.48,0.9559064181684999,0.7241852150990753
41.49,0.9581274722590057,0.7225764677500314
41.5,0.9603736459387492,0.7209096434856008
41.51,0.9626846541009928,0.7188969497812303
41.52,0.9651002335869399,0.7162504705431534
41.53,0.9676585038148717,0.7126872790584351
41.54,0.9703047077292561,0.7082109513542412
41.55,0.9728424770236757,0.7032619018705236
41.56,0.9750635320511122,0.6983172888164616
41.57,0.9767595931645426,0.6938542704012456
41.58,0.9777600361934721,0.6902863763100102
41.59,0.9781672162710808,0.687565868125842
41.6,0.9782037881817498,0.6854417305128887
41.61,0.978092931578574,0.6836620612358396
41.62,0.9780568472068184,0.6819758360473702
41.63,0.9782220120543466,0.6802178858811729
41.64,0.9785401115818536,0.678379813183185
41.65,0.978944218164836,0.67646991458104
41.66,0.9793674041787904,0.6744964867023725
41.67,0.9797478225146887,0.672477789404213
41.68,0.9800694944287968,0.6705220334644678
41.69,0.9803407762343317,0.6687851523293322
41.7,0.9805702477952067,0.6674235178428147
41.71,0.9807664937191602,0.6665930275083203
41.72,0.9809390360481892,0.6663558437004516
41.73,0.9810994557977476,0.6665682496714849
41.74,0.9812596075976208,0.6670591696622049
41.75,0.981431346077594,0.6676575279133957
41.76,0.9816239530282493,0.6682116639738968
41.77,0.981817386577727,0.6687912013106142
41.78,0.9819729607628133,0.6696064565113066
41.79,0.9820516909841994,0.670869999748708
41.8,0.9820146400944908,0.6727941750442903
41.81,0.9818489583049583,0.675466996574087
41.82,0.9816110809165982,0.6786462724320474
41.83,0.9813688173806011,0.6820356026049055
41.84,0.9811899771481571,0.6853385870793962
41.85,0.9811350469689122,0.688273454201554
41.86,0.9811571644373197,0.6907728807697742
41.87,0.9811279505323784,0.692932387081257
41.88,0.980916993081091,0.6948515550049815
41.89,0.9803939004560701,0.6966299744231451
41.9,0.9794967647050994,0.6983939452991953
41.91,0.9783848274878892,0.7003560206209274
41.92,0.9772618869611484,0.702746131352013
41.93,0.9763317412815878,0.7057942084561185
41.94,0.9757878195109264,0.709712275628435
41.95,0.9756229916179918,0.7143659940777591
41.96,0.9756486195313315,0.7193075634030023
41.97,0.9756695181976224,0.7240778766655159
41.98,0.9754905025658733,0.7282178269401781
41.99,0.9749381611934631,0.7313946271761036
42.0,0.9739249391992548,0.7337735882887382
42.01,0.9723844407604407,0.7356427757476631
42.02,0.970250270054212,0.7372902550224589
42.03,0.9674625070480289,0.7389976592320651
42.04,0.9641323460820831,0.7408766549585875
42.05,0.9605554023796273,0.7428557249970937
42.06,0.9570364329359047,0.7448542716937044
42.07,0.953880194746165,0.7467916973945357
42.08,0.9513227759478179,0.7486011471410722
42.09,0.9492691302819956,0.7502820358863193
42.1,0.9475245269737259,0.7518537284409089
42.11,0.945894215240797,0.7533355936195244
42.12,0.9441862151569747,0.7547467039134204
42.13,0.9423135428833328,0.7560949032257598
42.14,0.9403240546565341,0.7573736152683804
42.15,0.9382744637099706,0.758575316560036
42.16,0.9362214832770362,0.759692483619479
42.17,0.9342140651820732,0.7607184058203248
42.18,0.9322552582488016,0.7616511799721772
42.19,0.9303312972542132,0.7624906638251544
42.2,0.9284283916817305,0.7632367177783776
42.21,0.9265329575745934,0.7638891838596731
42.22,0.92464344834958,0.7644468335008292
42.23,0.9227767733610526,0.7649067966747526
42.24,0.9209514061952019,0.765266064232607
42.25,0.9191858204382232,0.7655216270255549
42.26,0.9174955249634181,0.7656708112039659
42.27,0.9158743925639931,0.7657133898871908
42.28,0.9143067052511828,0.7656502208802504
42.29,0.9127767020341988,0.7654821668515499
42.3,0.9112690087322611,0.7652100743949289
42.31,0.9098067948897556,0.7648331883522488
42.32,0.9084840113310056,0.7643478121253697
42.33,0.9074021997630174,0.7637499336637317
42.34,0.9066629018927979,0.7630355409167738
42.35,0.906347479520653,0.7622042365269666
42.36,0.9063538207687912,0.7612884875615221
42.37,0.9064819176095401,0.7603382965765797
42.38,0.9065308449054367,0.7594038304040805
42.39,0.9063002258448374,0.7585349756221534
42.4,0.9057008778402378,0.7577247865308989
42.41,0.904889271591766,0.7568407620245599
42.42,0.9040547420558446,0.7557336038070087
42.43,0.9033866241888983,0.75425401358212
42.44,0.9030573210989457,0.7522733163376591
42.45,0.90304480050237,0.7498996627277258
42.46,0.9032027169760919,0.7473926189580886
42.47,0.9033827033512355,0.7450142137558218
42.48,0.9034364760159235,0.7430262686727029
42.49,0.9032635718548799,0.7415720367891199
42.5,0.9028912978371867,0.7404779718071982
42.51,0.9023680720231205,0.7395181835600039
42.52,0.901742312472957,0.7384667818806034
42.53,0.9010657750937221,0.7371135477817535
42.54,0.9004395506835374,0.7354798894303657
42.55,0.9000023989618626,0.7337640704572093
42.56,0.8998940309324837,0.7321688207698902
42.57,0.9002541354986104,0.7308968514454832
42.58,0.9011423863192606,0.7300826975219783
42.59,0.9023584724279826,0.7296393772230922
42.6,0.9036493708884678,0.7294349961642869
42.61,0.9047620587644096,0.7293376599610228
42.62,0.9054531540081937,0.7292227968033501
42.63,0.9056674576994198,0.7291087662053262
42.64,0.9055210074436946,0.729143987499564
42.65,0.9051360829501561,0.7294816211032537
42.66,0.9046349639278185,0.7302748274323406
42.67,0.9041334970149109,0.7316122142773093
42.68,0.9037220033315775,0.7333262537099268
42.69,0.9034844738950233,0.7351858984069751
42.7,0.903504899722454,0.736960101045237
42.71,0.9038584330394186,0.7384261374501696
42.72,0.9043842315347221,0.7395835103865153
42.73,0.9046657199096476,0.7406725364949388
42.74,0.904273528397275,0.7419455804725887
42.75,0.9027782872306858,0.7436550070166108
42.76,0.8999093708533082,0.7459756381014016
42.77,0.8961664794558158,0.7487060101302704
42.78,0.8922826483803515,0.7515306809058627
42.79,0.8889909643672486,0.7541341831240486
42.8,0.8870085461554692,0.7562068704999675
42.81,0.8864400115839932,0.7576623795165803
42.82,0.8865990612233677,0.758702669819826
42.83,0.886747011737331,0.759548797229549
42.84,0.8861451797896213,0.7604218175655933
42.85,0.8842097882625579,0.7615004235176998
42.86,0.8812791264785228,0.7627111447512968
42.87,0.8780312711356718,0.7638875872458646
42.88,0.8751448323951281,0.7648632110915754
42.89,0.8732905437265968,0.7654733452930463
42.9,0.8726732553733486,0.7656638596702856
42.91,0.8727795353121652,0.7655510519593808
42.92,0.8730346100586537,0.7652657744773763
42.93,0.872863706128421,0.7649388795413165
42.94,0.8717779723260113,0.7646838782042865
42.95,0.8699198056515997,0.7644868798670202
42.96,0.8677130614324478,0.764277188609958
42.97,0.8655828914508731,0.7639838468565273
42.98,0.8639525155531536,0.7635364024985817
42.99,0.8630489542698088,0.7629157366798117
43.0,0.8627368782165588,0.7621975351529767
43.01,0.8628418224118664,0.7614677230412525
43.02,0.8631893218741952,0.7608122254678146
43.03,0.8636060885535125,0.7603082740486776
43.04,0.8639296104761688,0.7599535019721858
43.05,0.864003158270917,0.759702828729905
43.06,0.8636700578017185,0.759510765813713
43.07,0.8627742534640908,0.75933190558722
43.08,0.8612884453056455,0.7591376749515242
43.09,0.8594714475168668,0.7589369096452062
43.1,0.8576206087683629,0.758743483711105
43.11,0.8560332777307383,0.758571271192059
43.12,0.8549822871726522,0.7584345205012066
43.13,0.8544568137909454,0.7583518116242725
43.14,0.854263665253991,0.7583445094148625
43.15,0.85420663814347,0.7584340247074096
43.16,0.8540896612989761,0.7586417367526558
43.17,0.8537955138875324,0.7589701950444258
43.18,0.8534189216413806,0.7593713354338016
43.19,0.8530898561039622,0.7597886769386211
43.2,0.8529382888187189,0.760165738576722
43.21,0.8530780883731266,0.7604510061892228
43.22,0.8533831491397814,0.7606669836745358
43.23,0.8535431296089657,0.7608930009617351
43.24,0.8532429776880486,0.761209840920145
43.25,0.8521676830040547,0.7616982766494075
43.26,0.8501667366500955,0.7624005591873899
43.27,0.8476274316755574,0.7632330000245833
43.28,0.8450467895995848,0.7640862150331285
43.29,0.8429218319413163,0.7648508200851689
43.3,0.8417238179953239,0.765423339678677
43.31,0.8414165214698092,0.7658166913054112
43.32,0.8414994132253611,0.7661502813898341
43.33,0.8414548598634883,0.7665474392578178
43.34,0.840765227985736,0.7671314942352235
43.35,0.8390819757726998,0.7679834202606954
43.36,0.8367316977353377,0.7690150778205225
43.37,0.8342094655297235,0.7700961259220154
43.38,0.8320103508119295,0.7710962235724853
43.39,0.8306137327582419,0.7718886321588179
43.4,0.8300756047104698,0.7724438058955033
43.41,0.8299906609354233,0.7728380952217504
43.42,0.8299303030842605,0.7731531976502717
43.43,0.8294659328081397,0.7734708106937791
43.44,0.8282588800772975,0.7738584953540057
43.45,0.8264096181961954,0.7743147803786656
43.46,0.8241524625293761,0.7748171548722178
43.47,0.8217217606970723,0.7753431028686067
43.48,0.8193502016306887,0.7758704097818213
43.49,0.8172060651442121,0.7763885640182209
43.5,0.8153740031966552,0.7769022489781027
43.51,0.8139330829661507,0.7774171628039406
43.52,0.8129623716308314,0.7779390036382092
43.53,0.8125065545043677,0.7784725275015698
43.54,0.8124043401353409,0.7790168462995024
43.55,0.8124180755177962,0.7795689795004638
43.56,0.8123099826170235,0.7801259431469094
43.57,0.8118448714044413,0.7806848003121306
43.58,0.8109429300362525,0.7812454376972322
43.59,0.8097652391167423,0.781812119648849
43.6,0.808493607758309,0.7823894872047966
43.61,0.8073098450733487,0.7829821814028914
43.62,0.8063753140416542,0.7835950706735835
43.63,0.8057001581024611,0.7842347052426144
43.64,0.805226700644031,0.7849083895996384
43.65,0.8048969442260251,0.7856234318024208
43.66,0.804653169283049,0.7863871483889749
43.67,0.8044664219394949,0.7872077337748544
43.68,0.8043611768582317,0.7880950129192996
43.69,0.8043677201071859,0.7890589881352691
43.7,0.8045163377542842,0.7901096617357212
43.71,0.80482982993784,0.7912539025128761
43.72,0.8052619702948581,0.7924696855898488
43.73,0.8057292806454599,0.7937193929240816
43.74,0.8061479200632559,0.79496525463166
43.75,0.8064342857784449,0.7961697152708438
43.76,0.806555679996334,0.7973410555185576
43.77,0.8065931855117636,0.7985900069534757
43.78,0.8066433121797527,0.800041192066886
43.79,0.8068025698553194,0.8018192333500787
43.8,0.8071571243548928,0.8040347091374987
43.81,0.8076725503113378,0.8066344704648877
43.82,0.808236459016922,0.8094595171210126
43.83,0.8087351550511567,0.8123490747637043
43.84,0.8090550338289563,0.8151424128537541
43.85,0.809138944507926,0.8177060241697764
43.86,0.8090823964207838,0.8199800178047184
43.87,0.80900644966226,0.8219168240277992
43.88,0.809032164327085,0.8234688731082391
43.89,0.8092722143679042,0.8245944021110996
43.9,0.8097132642642261,0.8253389005326036
43.91,0.8102447054288617,0.8258152124205338
43.92,0.8107534113860488,0.8261379252780972
43.93,0.811126265615238,0.8264216199331651
43.94,0.8112930233729061,0.8267521301208688
43.95,0.8113244673476234,0.8271207255309257
43.96,0.8113203359628488,0.827499259974963
43.97,0.8113803676420408,0.8278595872646077
43.98,0.8116006775309526,0.828174366636393
43.99,0.8120053474465687,0.8284322697448128
44.0,0.8125521959550557,0.8286366980213362
44.01,0.8131965748829433,0.8287916012334149
44.02,0.8138938360567614,0.8289009291485007
44.03,0.8146076205914031,0.8289681521288538
44.04,0.8153348738813307,0.8289948144070329
44.05,0.8160809043354876,0.8289819765465078
44.06,0.8168510203628443,0.8289306991107459
44.07,0.8176502946227877,0.8288421462157205
44.08,0.8184773721287799,0.8287203053072827
44.09,0.8193238564792572,0.8285722567579396
44.1,0.8201809924490968,0.828405238552688
44.11,0.8210400248131772,0.828226488676524
44.12,0.8218923899932395,0.8280421806379279
44.13,0.8227304661837916,0.8278532569962447
44.14,0.8235469203886512,0.8276590561586575
44.15,0.8243344196875639,0.8274589161106258
44.16,0.8250857190530344,0.8272521921541464
44.17,0.8257970288023657,0.8270389203595216
44.18,0.8264690702767592,0.8268200255541213
44.19,0.8271028685614747,0.8265964924086405
44.2,0.8276994487417723,0.8263693055937745
44.21,0.828257172992542,0.8261395959647442
44.22,0.8287583472641245,0.8259093758076982
44.23,0.8291792891301218,0.8256809861498577
44.24,0.829496305946005,0.8254567685793833
44.25,0.8296861629784281,0.825239022116772
44.26,0.829753534365392,0.825027451359182
44.27,0.8297466045251595,0.824817716165266
44.28,0.8297173302490023,0.8246051257119008
44.29,0.8297176683281917,0.8243849891759636
44.3,0.8297924993328193,0.8241544641242973
44.31,0.8299340166868131,0.8239244706093788
44.32,0.8301106460210352,0.8237121371032801
44.33,0.8302906975302982,0.8235346222312899
44.34,0.8304426338364062,0.8234087612667883
44.35,0.8305510047832816,0.8233172627584717
44.36,0.8306304105470896,0.8231790878033345
44.37,0.8306987429669226,0.8229062147095654
44.38,0.8307738938818736,0.8224106217853531
44.39,0.8308722409199617,0.8216162682526938
44.4,0.8309961004880638,0.8205583701335097
44.41,0.8311401572862369,0.8193325279120883
44.42,0.831299020267096,0.8180349414102778
44.43,0.8314673548945729,0.8167616206375449
44.44,0.8316522334798686,0.8155669030081781
44.45,0.8318886220632011,0.8144114354079875
44.46,0.8322152940304027,0.8132430764640887
44.47,0.832671022767306,0.812009684803595
44.48,0.8332872084472119,0.8106626354581005
44.49,0.8340086405674916,0.8091946094933828
44.5,0.8347238018308728,0.8076251415975885
44.51,0.8353202170327623,0.805974223300378
44.52,0.8356855100995705,0.804261839101972
44.53,0.8357715763813758,0.8025034159768084
44.54,0.8357051603359387,0.8007019822426316
44.55,0.8356424598513397,0.7988584776565101
44.56,0.8357396728156591,0.7969738419755101
44.57,0.8361450928204128,0.7950491703153906
44.58,0.8368872574997468,0.7930879115912874
44.59,0.8379017510461901,0.7910953417151585
44.6,0.839121721954591,0.7890767844725226
44.61,0.8404803214618028,0.7870375637165046
44.62,0.8419236365835603,0.7849833222588036
44.63,0.8434405703272035,0.7829207586285749
44.64,0.8450288721652571,0.780856789483004
44.65,0.8466862915702483,0.778798331479272
44.66,0.8484121129317364,0.7767520919176362
44.67,0.8502364186881217,0.7747205773600198
44.68,0.8522177767749042,0.7727024090534002
44.69,0.8544158266507139,0.7706960620930153
44.7,0.8568902077741813,0.7687000115741034
44.71,0.8596407925794529,0.7667189013133046
44.72,0.8624258196601163,0.7647823148303068
44.73,0.8649424708449011,0.7629261374839014
44.74,0.8668879279598164,0.7611862546331588
44.75,0.867971877876562,0.7595961316126817
44.76,0.8682485662804884,0.7581225534120676
44.77,0.8681517577454063,0.75665885906796
44.78,0.868134734382345,0.7550946105082403
44.79,0.8686507783023338,0.7533193696607866
44.8,0.8700529819655108,0.7512654320336172
44.81,0.8721989839883912,0.7490764175214835
44.82,0.8747935449268622,0.7469611526227885
44.83,0.8775413816153042,0.745128482484331
44.84,0.8801509541657949,0.7437836625353875
44.85,0.8824797192230842,0.7429890639451593
44.86,0.8845807208394835,0.7426194940415421
44.87,0.8865202812996187,0.742537026631958
44.88,0.8883647228881171,0.7426037355238282
44.89,0.890169943891057,0.7427007734666033
44.9,0.8919285836451477,0.7428250754426942
44.91,0.8936095462018683,0.7430170188936575
44.92,0.8951816934350002,0.7433170584584775
44.93,0.8966140870593523,0.7437653466165325
44.94,0.8978881547364574,0.7443833385378373
44.95,0.899004710424468,0.7451631773151738
44.96,0.8999662615907503,0.7460944454556706
44.97,0.9007753157026739,0.747166725466458
44.98,0.9014343512860146,0.7483717008595617
44.99,0.9019456299281682,0.7497168037135908
45.0,0.902311314780904,0.7512166120073374
45.01,0.9025335685052974,0.7528857393414153
45.02,0.9026145518316994,0.7547386512860182
45.03,0.9025562177086228,0.7567738825853444
45.04,0.9023601287406559,0.7589600399531341
45.05,0.9020278044731851,0.7612624287143035
45.06,0.901560764451597,0.7636463541937706
45.07,0.9009607934097121,0.76608822253889
45.08,0.9002321561494454,0.7686682558714668
45.09,0.8993804711882541,0.7715233430227584
45.1,0.8984113707364146,0.7747909460071388
45.11,0.8973304676312926,0.7786077343851963
45.12,0.8961390046500165,0.7829316192912661
45.13,0.89482834195126,0.7873162608365505
45.14,0.893388481741611,0.7912597717564316
45.15,0.8918094262276542,0.7942602647863015
45.16,0.8900840074152815,0.7958714345797719
45.17,0.8882385513609206,0.7963048540980721
45.18,0.8863212803927122,0.7962021751356417
45.19,0.884380794899854,0.7962124752287094
45.2,0.8824656184402434,0.7969844375841416
45.21,0.8805722698380283,0.7988998360427273
45.22,0.8785549357034715,0.8016099378502521
45.23,0.876243672083533,0.8046421624238586
45.24,0.8734685350251704,0.8075239291806905
45.25,0.8700595805753477,0.8097826575378853
45.26,0.8658468647810228,0.8109457669125875
45.27,0.8606604436891518,0.810540676721938
45.28,0.8543303733467018,0.8080948063830791
